id,A00,A01,A02,A03,A04,A05,A06,A07,A08,A09,A10,A11,A12,A13,A14,A15,A16,A17,A18,A19,A20,A21,A22,A23,A24,A25,A26,A27,A28,A29,A30,A31,A32,A33,A34,A35,A36,A37,A38,A39,A40,A41,A42,A43,A44,A45,A46,A47,A48,A49,A50,A51,A52,A53,A54,A55,A56,A57,A58,A59,A60,A61,A62,A63,Country,GID_nmbr,GPDpc2018,iso3
000000000000000000eb,-0.027304397283214,0.043758276405131,-0.098128769914189,-0.178854630381765,-0.170114526657446,-0.080228748654606,0.050352137000583,0.082508001475610,0.188366856638633,0.086274162257932,0.198471348362207,-0.030425421225158,0.119722286007959,0.080270662934722,0.088055053524775,-0.079533070747954,0.107961151452350,0.064118367731254,-0.072676709020529,0.088018676791595,-0.007081812509977,0.158316784874623,-0.055580984683358,0.121692746783555,-0.097093875789959,-0.034738901639539,-0.153610958793015,-0.137922187248208,-0.077093803563253,-0.108943107940158,-0.035001641806893,0.099984402909279,0.105654293764877,-0.239293405705802,-0.021452402607855,-0.157062765129872,0.069527537750846,0.095771134707043,0.011347758192386,0.130378161723753,-0.002146459513768,-0.119025439649766,-0.038472395142363,-0.021493858200441,0.148747405985074,-0.004037707214279,-0.039632886769416,-0.047271748877588,-0.076591704459515,-0.002025509348713,0.001418624887318,-0.037414458651083,0.019616720403345,-0.195610801717714,0.056438347680574,-0.204938999916332,-0.043207200158421,0.031694678833001,-0.123333208508656,0.033712070780514,0.085464234286519,-0.049397884204358,0.014628199680498,0.205321971723116, ,904.000000000000000,0.000000000000000, 
000000000000000000ec,0.000000000000000,0.000000000000000,0.000000000000000,0.000000000000000,0.000000000000000,0.000000000000000,0.000000000000000,0.000000000000000,0.000000000000000,0.000000000000000,0.000000000000000,0.000000000000000,0.000000000000000,0.000000000000000,0.000000000000000,0.000000000000000,0.000000000000000,0.000000000000000,0.000000000000000,0.000000000000000,0.000000000000000,0.000000000000000,0.000000000000000,0.000000000000000,0.000000000000000,0.000000000000000,0.000000000000000,0.000000000000000,0.000000000000000,0.000000000000000,0.000000000000000,0.000000000000000,0.000000000000000,0.000000000000000,0.000000000000000,0.000000000000000,0.000000000000000,0.000000000000000,0.000000000000000,0.000000000000000,0.000000000000000,0.000000000000000,0.000000000000000,0.000000000000000,0.000000000000000,0.000000000000000,0.000000000000000,0.000000000000000,0.000000000000000,0.000000000000000,0.000000000000000,0.000000000000000,0.000000000000000,0.000000000000000,0.000000000000000,0.000000000000000,0.000000000000000,0.000000000000000,0.000000000000000,0.000000000000000,0.000000000000000,0.000000000000000,0.000000000000000,0.000000000000000, ,907.000000000000000,0.000000000000000, 
000000000000000000ed,0.000000000000000,0.000000000000000,0.000000000000000,0.000000000000000,0.000000000000000,0.000000000000000,0.000000000000000,0.000000000000000,0.000000000000000,0.000000000000000,0.000000000000000,0.000000000000000,0.000000000000000,0.000000000000000,0.000000000000000,0.000000000000000,0.000000000000000,0.000000000000000,0.000000000000000,0.000000000000000,0.000000000000000,0.000000000000000,0.000000000000000,0.000000000000000,0.000000000000000,0.000000000000000,0.000000000000000,0.000000000000000,0.000000000000000,0.000000000000000,0.000000000000000,0.000000000000000,0.000000000000000,0.000000000000000,0.000000000000000,0.000000000000000,0.000000000000000,0.000000000000000,0.000000000000000,0.000000000000000,0.000000000000000,0.000000000000000,0.000000000000000,0.000000000000000,0.000000000000000,0.000000000000000,0.000000000000000,0.000000000000000,0.000000000000000,0.000000000000000,0.000000000000000,0.000000000000000,0.000000000000000,0.000000000000000,0.000000000000000,0.000000000000000,0.000000000000000,0.000000000000000,0.000000000000000,0.000000000000000,0.000000000000000,0.000000000000000,0.000000000000000,0.000000000000000, ,908.000000000000000,0.000000000000000, 
000000000000000000ee,-0.072317548562600,-0.104375548634719,-0.197166189754973,-0.168750483396025,-0.082729321492512,0.019635611771365,0.112223725274872,0.127789253227445,0.003189675005340,0.130699385276068,0.120901667577753,-0.036725479254136,-0.053991125405458,-0.117906307406390,0.064380328412435,0.010144225340840,-0.012535645602350,-0.087902087846738,0.018885883955104,0.057820363722809,0.138255301939144,0.274999338445962,-0.155143947340533,0.128525332435297,-0.145822494191574,-0.232514165187571,-0.009228063790070,-0.149066570565018,0.106750991317698,-0.080300160668479,-0.119874974135896,0.390178813593097,-0.041953421113014,0.007500695235070,-0.106850700292497,0.032383100870953,0.119952495569978,-0.018038951392683,0.028691814436189,0.107950509338034,0.010442833050167,-0.257364585675630,0.147041842666166,0.043932885454103,-0.073640551671635,0.033694979281655,-0.123402111757342,0.052205709730332,-0.126887193895362,0.014632606251823,0.132315250051845,0.142268477349559,-0.229743358973326,0.063520877518454,0.016312165783122,-0.063856441344430,0.032085956148492,0.062855191315406,-0.014607836693927,0.006926440556470,0.154878018315405,-0.218938865448062,0.043879694963021,0.116367143067580, ,909.000000000000000,0.000000000000000, 
000000000000000000ef,-0.042901342482337,-0.075808828325663,-0.175370936049780,-0.186780966888080,-0.047914037771709,0.029623828786894,0.093121269135161,0.162002386895883,0.017096029728405,0.085647405805591,0.050016030639210,0.066971993307028,-0.035305528829818,-0.096970381825137,0.040024188689398,0.004374658356788,-0.031423489397994,-0.063429529529007,-0.011393388446377,0.061999844399353,0.130195962208316,0.222622490681081,-0.100964685231671,0.104666241034869,-0.146595629306583,-0.157203954435617,-0.022623848100776,-0.079003772510214,0.043652950430380,-0.047214089566537,-0.088286500567164,0.304158048923240,-0.055745137504676,0.019581902197817,-0.057607392198824,0.038121031446122,0.109638951843533,-0.041843710789913,-0.003766365622588,0.068540818524662,0.062832258302276,-0.302029799486346,0.151156205657191,0.029377210021115,-0.070576011252923,-0.015196532105498,-0.109141172708570,0.029444278223213,-0.094732314252782,0.013169504046985,0.063908666110729,0.063400736672582,-0.189075610719798,0.113304659863294,0.032205559502980,-0.070829318468170,0.017423934806457,0.025994927390787,-0.042712913039478,0.082591103074615,0.143103471366549,-0.227921127495340,0.090720305107082,0.059117755812909, ,911.000000000000000,0.000000000000000, 
000000000000000000f0,-0.061344522816547,0.051750502278062,-0.152570830061877,-0.191131539588426,-0.125086433375251,-0.063543673492235,0.011335876402149,0.108004097958674,0.182119337237861,0.058775565154956,0.191320964109179,-0.042072863886406,0.101385677565381,0.076421107390769,0.043388656367385,-0.129265332411364,0.206591647487133,-0.033134191208333,-0.003601867555594,0.070953269648978,0.066122048330379,0.144545004149676,-0.041835903971652,0.075216439457531,-0.084122407070085,-0.028576623047075,-0.088687823499943,-0.147770922766345,-0.073427735237988,-0.054883701324574,-0.060309392773299,0.134449466662828,0.111876897366739,-0.253212838732210,0.003569158574797,-0.141573514487388,0.097964592579092,0.126415423513656,-0.009107181595634,0.125123473772514,-0.012915804371772,-0.103471634561961,-0.030452908500094,-0.005149521140313,0.049283105444384,0.022556898114977,-0.082565633869966,-0.069088893540379,-0.092544153569446,0.019003209923446,0.006818580980064,-0.022283840452824,0.034830329672225,-0.181037690332298,0.058226918509999,-0.201060408711405,-0.113003716889064,0.046986819323928,-0.070029185847903,0.062590243934435,0.034528104678172,-0.068066599084535,0.029967230903367,0.243975770948043, ,917.000000000000000,0.000000000000000, 
000000000000000000f1,-0.039120294550058,-0.115082757362421,-0.173253294696889,-0.144645124520131,-0.063159057335444,0.019720063069160,0.135369571847582,0.097322892921336,0.011404652477106,0.141934704594124,0.133782376340589,-0.036975635356876,-0.107597327368504,-0.117193211273002,0.070431969280057,-0.024350157258698,-0.000928254528299,-0.103006180974585,-0.020030707576699,0.007833525967285,0.098492614618001,0.241515485332506,-0.110634014021318,0.153978026963310,-0.099343051393025,-0.211084298233935,0.027720625503471,-0.195368691218081,0.066505819018051,-0.052061974065992,-0.115042575564954,0.405730360811575,-0.038037047628870,0.008800561609908,-0.120058774065287,0.038161564358169,0.166101279315948,-0.008077383101286,0.083364234804599,0.105989025767647,0.044646721098814,-0.263746535460274,0.149480333348180,0.074508551510743,-0.128114927212300,0.032246104470072,-0.134446551672181,0.052267200559057,-0.107867498536386,0.020309942365090,0.101395654488607,0.131282219564126,-0.229633155282495,0.066589737546796,0.062650838066742,-0.011286251330499,-0.013610572348346,0.100526900579951,0.021011020695013,-0.006955282830542,0.132788154638780,-0.144134286574248,0.036833961259586,0.150806212606012, ,918.000000000000000,0.000000000000000, 
000000000000000000f2,0.000000000000000,0.000000000000000,0.000000000000000,0.000000000000000,0.000000000000000,0.000000000000000,0.000000000000000,0.000000000000000,0.000000000000000,0.000000000000000,0.000000000000000,0.000000000000000,0.000000000000000,0.000000000000000,0.000000000000000,0.000000000000000,0.000000000000000,0.000000000000000,0.000000000000000,0.000000000000000,0.000000000000000,0.000000000000000,0.000000000000000,0.000000000000000,0.000000000000000,0.000000000000000,0.000000000000000,0.000000000000000,0.000000000000000,0.000000000000000,0.000000000000000,0.000000000000000,0.000000000000000,0.000000000000000,0.000000000000000,0.000000000000000,0.000000000000000,0.000000000000000,0.000000000000000,0.000000000000000,0.000000000000000,0.000000000000000,0.000000000000000,0.000000000000000,0.000000000000000,0.000000000000000,0.000000000000000,0.000000000000000,0.000000000000000,0.000000000000000,0.000000000000000,0.000000000000000,0.000000000000000,0.000000000000000,0.000000000000000,0.000000000000000,0.000000000000000,0.000000000000000,0.000000000000000,0.000000000000000,0.000000000000000,0.000000000000000,0.000000000000000,0.000000000000000, ,924.000000000000000,0.000000000000000, 
000000000000000000f3,-0.019575130326101,-0.030392093563928,-0.137548132121644,-0.247637881458437,-0.076072012333876,0.002341688919507,0.088115033415415,0.171610324993884,0.061642722449499,0.095136696094486,0.010995911599250,0.092864524033456,0.026547064088213,-0.050191491664650,0.022007211094954,0.032424697184075,-0.055628733498504,-0.081465896207740,0.005125488832012,0.090611628093416,0.069571495756631,0.192359762187811,-0.081719556703780,0.109720412146458,-0.176616290245067,-0.168739747855040,-0.029708602264357,-0.039210368560811,0.010403807063673,-0.102276660431043,-0.067222700904473,0.244073694317663,-0.062471406478149,-0.000678935711512,-0.009704265058312,-0.003313916010659,0.118254109324283,-0.042508544951668,-0.020861592801206,0.080823380327833,0.090932140548028,-0.227584345372707,0.167443823881760,0.048745048315379,0.023005538580810,0.009135690254168,-0.074822525651484,0.034258450996934,0.009947140189112,0.021313951765404,0.063498275052497,-0.006973582728045,-0.200232984575681,0.089068412829455,0.031595156617990,-0.098142590383556,0.046836041120322,-0.030445023723864,-0.076188900091531,0.085786784251390,0.138282304163209,-0.190800941127076,0.056331076679051,-0.022041083734865, ,925.000000000000000,0.000000000000000, 
000000000000000000f4,-0.056939462737509,-0.092416749051935,-0.167243762777786,-0.211007061709042,-0.103078713602834,0.005638612992778,0.069047928234809,0.165356388566351,0.033643758292752,0.107823041183894,0.099275798507342,-0.016087338758807,-0.024996627759051,-0.079162218524178,0.073132364773267,-0.004959663599919,-0.009696485192248,-0.093348048886103,0.000113266101050,0.080110325286909,0.109946740157026,0.241962466904637,-0.132221163822041,0.128026643354329,-0.148277575057852,-0.208369703032077,-0.028096366777027,-0.147099644724462,0.083228717268014,-0.109298872943525,-0.118864393723133,0.377078107010123,-0.018098765649503,-0.011548910815294,-0.042826343360824,-0.008405219396774,0.130073418128018,0.014358641973974,0.036941994532441,0.056139027960986,0.027632826044651,-0.231962139607255,0.148566191478553,0.028322831961370,0.006468116135375,0.022564889869527,-0.123612394627100,0.047319605085685,-0.094114472854174,0.025841145222388,0.087276592574026,0.066293370498663,-0.218256149820866,-0.008559222920677,-0.018693544489413,-0.105299517087270,-0.007358550603699,0.038755676393726,-0.071560582801173,0.028452238094007,0.143049004350173,-0.202636245385492,0.058152113892647,0.120791922349806, ,926.000000000000000,0.000000000000000, 
000000000000000000f5,-0.050541866049820,0.016727620890074,-0.135298683871049,-0.188039365044711,-0.094689070425865,-0.088003700352441,0.032608779419092,0.127757547986924,0.184265347991931,0.044787172551005,0.187701741700955,-0.018439131650980,0.109204319322165,0.047336037419287,0.010722784284485,-0.097890410010252,0.243267985948750,-0.075752446263278,0.026109799527538,0.066605859290968,0.082751878385472,0.162578866486653,-0.040438134534672,0.074673532581077,-0.090705269056867,-0.073705537315181,-0.061836901536613,-0.130973302119375,-0.086406679524117,-0.082879196970356,-0.062571425364328,0.132194009358036,0.109405164371328,-0.204251284016875,0.002822289174988,-0.119821636106445,0.061383304748787,0.097622974289271,-0.023560291285379,0.097234717447215,0.006194316870765,-0.058620903220147,-0.020355111469790,-0.021148879108869,0.004143284331769,0.057796092726946,-0.104112424419687,-0.016441375548561,-0.128657189472458,-0.024226838795217,-0.017258882562290,0.000461408924049,-0.025048496937175,-0.138501060061670,0.067721481951418,-0.222023938246335,-0.104145084008433,0.038490445598495,-0.018460332648058,0.065647480806391,0.006790662186835,-0.060994334794976,0.038831717887676,0.192124889039716, ,928.000000000000000,0.000000000000000, 
000000000000000000f6,0.048400510098412,-0.061653281976372,-0.162145614707620,-0.146985403339376,-0.079416713982907,0.005261719153351,0.156244938163549,0.107971046922639,0.026878823309475,0.034817501602007,0.154743472194510,0.008204091924661,-0.175296243232776,-0.143678129686938,0.078427417905576,-0.012444563055641,0.063749403211068,-0.034800345138907,-0.060116052764135,-0.033965431933247,0.128254831939423,0.174257605459881,-0.008553770098687,0.155347981745821,-0.081282757603510,-0.221815245283984,0.073638386855406,-0.133742269323796,0.088291673082949,-0.005448998362526,-0.128389362894504,0.368582125763494,0.040745430614330,0.008604157371621,-0.118696647051902,0.011926347365748,0.197071718632319,0.027313820034843,0.048467587259598,-0.008051114398918,0.080204146171014,-0.332629312642144,0.147255238189798,0.089084164516400,-0.073180334024728,0.076155122505234,-0.167912215628690,0.041056562960218,-0.024402957929951,0.073218098480529,0.013560112600532,0.070896323660724,-0.168110599881396,0.012485247820282,0.049149829304927,-0.062807928245004,-0.087718750086736,0.036715128967015,-0.011397487585789,-0.089179809549628,0.144907928234464,-0.207403571749919,0.020840299193932,0.239636541003796, ,933.000000000000000,0.000000000000000, 
000000000000000000f7,0.061674279867021,-0.094513337102164,-0.091792665156533,-0.025453799657663,-0.024849268460465,0.057137753834331,0.145428697859217,0.100114354712636,-0.013642974431152,0.037710121934006,0.087902602424642,-0.028202761834957,-0.179092884814725,-0.116851699915718,0.089628243716078,-0.009809445730789,0.004142595859256,-0.007701590789209,-0.076228497898756,-0.030369115257174,0.101775769654849,0.114648566923116,-0.013886831794377,0.125510511910494,-0.064578221962518,-0.095744403979830,0.052484837944862,-0.067432544873388,0.175092162189310,-0.000856432433167,-0.008201757267281,0.192950716983340,0.113914819870237,-0.055949584003812,-0.130434170920216,0.067927726391654,0.117075306032465,-0.002012524174755,-0.039687389361730,0.098960829637096,0.119961077235535,-0.265783733895312,0.103278631874132,-0.034032324788407,-0.027900655256541,0.088811781381182,-0.122472960044887,0.027329175470489,-0.051701259447704,0.061497103454350,-0.049297503380510,0.101637648319813,-0.113056299751683,-0.031870991935346,0.036243194435837,-0.131974993753308,-0.054220391901662,0.040200684169063,-0.076988033801058,-0.054891436476006,0.144118399829997,-0.198910642972101,0.058969720104666,0.203018727785996, ,936.000000000000000,0.000000000000000, 
000000000000000000f8,-0.009315842890808,-0.104014846723146,-0.205018898446275,-0.164463658330515,-0.083819707054664,0.010658832653442,0.153384414546727,0.060232545380540,0.019997006221527,0.133258381323237,0.168333107517101,-0.027363765066907,-0.168009051206651,-0.118235700762598,0.071118595908758,-0.013226542816041,0.020926231759013,-0.082053376349832,-0.061081333242937,0.001713619396985,0.108006397646253,0.210283463865660,-0.067629012855498,0.146918831523834,-0.106503499764993,-0.211456431754170,0.010049271520348,-0.146060152031789,0.045834066577092,-0.031081001811485,-0.110048513058979,0.399044799796600,-0.039530773199349,0.018579553688011,-0.132413265566673,0.025743728134267,0.193758144101967,0.003522429561942,0.090704688988839,0.082102651736295,0.098804752748096,-0.327457765774547,0.155427710881696,0.108209985829285,-0.121645962393461,0.054564228269599,-0.102389304443477,0.065695893754113,-0.090551568361392,0.049784366761552,0.057546453386486,0.091551092512992,-0.168179303641785,0.061755063441357,0.096906158752010,-0.035943078001425,-0.061415182772847,0.078887928335171,0.017470636772604,-0.055326640105054,0.150919073472308,-0.168642337629957,0.033346634875959,0.183248779652176, ,938.000000000000000,0.000000000000000, 
000000000000000000f9,-0.006854579074734,-0.099132380925239,-0.147243727250842,-0.108133134341494,-0.064263682343163,0.001997963687020,0.154697348013738,0.124052179998018,-0.025534185428434,0.122877992855839,0.189354758996135,0.004534955650245,-0.152670482709063,-0.133557700296010,0.086484420895009,-0.011470460154460,0.070095217394169,-0.040415798130599,-0.053024610076483,0.014085361266388,0.136344200895382,0.212576335737364,-0.065651965230051,0.102815951667279,-0.096390276806273,-0.226582091829957,0.050987368360906,-0.132666900664689,0.070327162748240,-0.003050271597113,-0.102513401604250,0.408082923138906,-0.016244825356773,-0.012743371145341,-0.089315170592174,0.048838164800438,0.149234476502764,0.015906734708212,0.027075895301727,0.051450626223865,0.078642793468084,-0.358414845726724,0.108143026414881,0.063606233263486,-0.131191356021072,0.041788111942747,-0.121985001611329,0.076331989936608,-0.075290120315612,0.052352772628703,0.060633567611917,0.137654465502930,-0.172280688187073,0.037530628810374,0.079705598732825,-0.057664832913367,-0.070724168752050,0.091239544228555,0.009865875283920,-0.029586148571503,0.131166263287631,-0.223731078711266,0.031866658225918,0.191370920498001, ,940.000000000000000,0.000000000000000, 
"000000000000000000d8",0.063720367426698,-0.037572475433454,0.074530095252424,-0.065884742286234,-0.043261055521835,-0.046573958996397,-0.099349783096245,0.089898049501506,-0.099012069588171,-0.046167652290922,0.037778790623419,0.046302347045126,-0.244782727742042,0.007023132119590,0.014082475554743,0.070631766667780,-0.088190885356805,-0.025799488931530,-0.171525634457437,0.090521449884701,-0.173339523326882,0.108234350348617,0.106620781463189,0.199075956846932,0.021910121487308,0.027230892938376,0.070778621435555,-0.028972537804984,-0.127934142990105,0.178860036103174,-0.147146534335506,0.043419212670190,-0.186383596460991,-0.060166649726390,0.145157293336105,0.012362042706228,-0.140141940733752,0.112545734237043,0.229743708490148,-0.108441598204824,0.078057823073331,-0.111752346756093,-0.147138520951764,0.220237276205246,-0.094679978201357,-0.029701322529862,-0.097410482526230,0.054638233759376,-0.116200973722051,-0.064405712372225,0.146604583121923,0.135761991664982,0.031865845630931,-0.029805866388923,0.097693200127463,0.134801736006590,0.002530525856488,-0.080285941616675,-0.216650884157906,-0.149715072272672,-0.078990053227991,0.107751362246341,0.070350730532323,0.088117686686142,South Sudan,175.000000000000000,435.000000000000000,SSD
"00000000000000000019",0.140155738287009,0.149806458040223,-0.156436274009466,-0.079449506433759,0.171912750112680,0.080991116355658,0.001992922152591,0.166302890183320,0.047768013174009,-0.099599035055448,0.015498870652718,-0.132943372348271,-0.096881071124678,-0.089339516040332,-0.001140980829001,-0.181985107506449,-0.168138576792098,0.001649980605070,-0.066949274171481,-0.071266119218171,0.010764142462706,0.045886809263336,-0.127647381602629,0.135771015207165,-0.093339913423106,0.069987998891421,0.151715839304377,0.146700261276271,0.064594885478166,-0.094900995473054,-0.204139523008495,0.114147379534497,0.015156201397621,-0.073323994116507,-0.048329546732384,-0.175380257222904,0.031539605871644,-0.020266444789226,-0.026221360703698,0.128156891554196,-0.145657458717103,-0.016698377309456,-0.219748652120903,0.055032662392828,0.056258204676207,-0.175351601846337,-0.116277721376545,0.031820034620605,-0.112170367998845,-0.014791248594971,0.023033493112655,0.090974262348642,-0.046269157398947,0.177452853286988,0.117077934797006,0.024971895565436,0.065555442022386,-0.025596957929656,-0.084561782851972,0.078763925186284,0.016640336804028,-0.076134260557731,0.012334207592251,-0.318063380232810,Burundi,14.000000000000000,740.000000000000000,BDI
0000000000000000001e,0.091086987904372,-0.060778356430005,0.066262673263596,-0.058595017563416,-0.006565105082800,-0.103580782450471,-0.124981099069355,0.093002088941694,-0.062714392744575,-0.011186072541597,0.040603912910631,0.041151284341286,-0.287722756838260,-0.036541955116461,-0.007823010491071,-0.011079460558227,-0.084139797165917,-0.070827913151169,-0.222861427705477,0.066481519799218,-0.181031147623380,0.101326649397018,0.201615167670193,0.186659376498725,0.044533711878557,0.022070647735394,0.108343461576675,-0.032153884994694,-0.134214613953068,0.191650439027743,-0.095196990075016,0.028262349485127,-0.161395106501903,-0.019796380760881,0.177601987378620,-0.075899041504195,-0.185979267973696,0.061145496941606,0.144937455055649,-0.179318072252206,0.065197377766207,-0.053449246087365,-0.119445988114135,0.301618168491403,-0.048546675229904,-0.064582978658617,-0.117762463232942,0.035820848096548,-0.114443529441940,-0.075274303524836,0.100930880552582,0.070338144662862,0.063721350911029,-0.043071711599257,0.065001310482009,0.104808654084031,-0.005590693667520,-0.116351933515076,-0.137090035960749,-0.104530130714437,-0.164261740680944,-0.013043935913685,0.105678142638070,0.082798635821435,Central African Republic,32.000000000000000,855.000000000000000,CAF
"00000000000000000024",0.116859592260116,0.029791820716526,-0.120390859026878,-0.035018375308332,0.077622577531471,0.002271951250083,-0.096192543314389,0.129909937802043,-0.041253149967614,0.107027448817705,0.070620955981553,0.052784939852344,-0.101078644481862,-0.077837721620736,-0.034594844844520,-0.164084798489560,-0.122142228728755,-0.027565050055529,-0.084133187162630,-0.053628915429938,0.005521847781174,-0.034403615563791,0.102651932220268,0.277248657081626,-0.021604377154195,0.067604594706507,0.160442109929934,0.049588731745883,0.033539357463016,-0.088800952613795,-0.014119845837510,0.017506294702361,-0.071868546196494,-0.040761252849817,0.025661779565021,-0.036152296601950,-0.087396184562799,0.018157976090460,-0.068874546436512,0.027645313777395,-0.002217018581069,0.112915115048729,-0.055264430321916,0.112277209297913,0.080551649270154,-0.119691791228864,-0.146625748018783,-0.017324610831281,-0.109164670008737,-0.014323811147913,0.169917131379420,0.077891492083685,-0.012074327386622,0.089152259913527,0.036015341123243,0.158063802340060,0.022973949566763,-0.060246773784228,0.063044947474115,0.054106441340625,0.026494397293288,-0.135343043015459,0.097171449210231,-0.154523728675694,Democratic Republic of the Congo,39.000000000000000,1048.000000000000000,COD
0000000000000000006f,0.007878721614183,0.016312578276892,0.179469150139650,-0.011617567303541,-0.116519611061307,0.021476447083200,-0.097365284349017,0.123491384557852,-0.170721605046000,0.101568683852036,-0.018078808600753,0.011915711735019,-0.228661390053153,-0.106615641426761,0.083414387217291,0.139499144850723,-0.083057817799676,-0.001912397018372,0.060001900556055,0.095704642596342,-0.001275781458265,-0.268420485491476,-0.069171227808537,0.015338480560216,-0.030256096073847,-0.125156057112876,0.196735693586083,0.007332168142010,-0.026328778748993,-0.091918556070270,-0.017218215937813,0.014622122179154,-0.005718149539086,-0.017424124949336,-0.163537925003368,-0.144423676633918,-0.121744350945721,0.207124942443234,0.208744312526600,-0.121897402942885,0.221351092910252,-0.000376306366186,0.017641324037895,-0.031124934831088,-0.157507960138151,0.084089797365568,-0.097426501976153,-0.178985833871701,-0.071595082399302,-0.066604149068009,0.048755844642819,0.070277639878920,-0.026007500286110,-0.030296829324660,0.193452476527784,-0.099713256833983,0.122728630756364,0.122495901138978,-0.058254779265467,0.035415751551856,-0.200056234473506,0.001631709138255,-0.040379910264617,-0.013971294372584,Niger,139.000000000000000,1193.000000000000000,NER
"00000000000000000068",0.088836012900094,0.073670834862250,-0.136696509531631,-0.002093366313679,-0.017944986198642,0.067524378299400,0.117235987203564,0.308729488728785,-0.066130642852208,0.016405302166712,-0.021573502977930,0.049779013008337,0.043975426678518,0.013156743883625,-0.047801989631021,-0.000923386107060,-0.028751819712465,0.035986081039168,-0.000039151569986,-0.079074473028954,0.212574908218575,0.086538831789007,-0.144824194702053,0.194482640935903,-0.103977130994278,0.120714854776905,0.032015279869061,0.251158082740420,0.008534453612396,-0.038458976538336,-0.164207680842988,-0.102528945858760,0.066818664356747,-0.192362995796222,-0.169369969262936,0.103773251348755,-0.119239794493063,0.075236897891733,-0.048843931654129,0.085706448287808,-0.099056196948924,-0.056223569273226,0.004895357615597,0.103996455174361,0.167801744509600,-0.117965683275496,-0.101148432932668,-0.020605140703061,-0.051708121428564,-0.035178691726782,0.028778714095247,0.027275785173552,-0.131182547056596,0.271495845686772,-0.092933445240396,-0.098123543791724,0.002261449547997,-0.062566262500883,-0.045627644855824,0.003085893951072,0.110133870233336,-0.031418413679985,0.033197619126603,-0.247241831322010,Mozambique,132.000000000000000,1298.000000000000000,MOZ
0000000000000000005c,0.076663759587895,0.073264636424306,-0.158573737837719,-0.033697984959490,0.028471149393693,0.090110851001322,0.119569223754905,0.207390062243354,-0.015612293872051,-0.057366364652785,0.016130847346014,-0.050870209916862,-0.042148291989324,-0.063386668296785,0.011511340572274,-0.062280580747227,-0.032667566001730,-0.006351530635362,-0.009211850591824,-0.106805133804910,0.212597702425154,0.120800466921671,-0.177340475205414,0.194570494424796,-0.087289505081121,0.051519376842113,0.085897494554508,0.162808784052609,0.047603753841519,-0.096135319297337,-0.170633779320779,-0.003011216392938,0.088036549778713,-0.141478265406681,-0.144878230529342,0.038406380433774,-0.019656679468729,-0.009442636961352,-0.043587909444213,0.096355032876445,-0.143861591322781,-0.041427234281181,-0.034297889760129,0.098670669816586,0.101227717280391,-0.131964006505534,-0.130100992086895,-0.000734717039377,-0.098745487833565,-0.045400825214631,0.073712276373454,0.101746168655756,-0.085446123158708,0.248760810831842,0.001284597991973,-0.039914565111080,0.027957993086241,-0.032379399211959,-0.060661064436050,0.025503423384255,0.134357942979166,-0.036972432893372,0.008339773257891,-0.218796080133863,Malawi,135.000000000000000,1478.000000000000000,MWI
000000000000000000cd,0.102071959609054,-0.030513760810348,0.058426085947291,-0.025071232649592,0.005711224725779,-0.100402604941380,-0.032802970486422,0.078031143627227,-0.059342830450275,0.127522406701457,0.073415374779454,0.092726640612096,-0.174354172537534,-0.012621545182766,-0.084119542767359,-0.136096497993297,-0.026115613995213,0.013239394428061,-0.188648427266112,0.081491816506612,-0.145622315677634,0.062180052345741,0.224724874691945,0.194201828155529,0.003205241068765,0.048032206551706,0.168754639232929,-0.095564792286531,-0.178627147422551,0.077022890013394,0.095522203909107,-0.037620722882123,-0.164147829386920,0.045158661361035,0.168707852394218,-0.065264772032450,-0.076804495113961,-0.100112359959335,-0.066947402696406,-0.033597870703102,0.139482415416781,-0.008445227365898,0.012805805427503,0.252114611147728,0.022712205876172,-0.131557890012721,-0.054036471008289,0.004058378317297,-0.119986721907418,-0.009233333512244,0.135330296785083,-0.056317899991139,0.008765265054271,0.009412293679407,0.189006230987859,0.068910806943046,0.064402644271351,-0.032406307077198,0.091397051203897,0.161754158476222,-0.162418374864349,-0.053143907235223,0.174057764309006,0.118970181076548,Liberia,108.000000000000000,1522.000000000000000,LBR
"000000000000000000d7",-0.024871740832580,0.142105051331095,-0.024291328595809,-0.060577467760478,-0.175106367769538,0.018099597251096,-0.023175753615477,0.086685306772972,-0.211062808130544,-0.008660143788963,-0.092928686942868,0.064519923046706,-0.145185792985359,-0.084922169404051,-0.044642593695524,0.060075956517584,0.080604505058182,0.125004512172436,0.078513098096880,0.094632520082441,0.094420997095131,-0.056384804006457,-0.027489586449141,0.121232183270910,-0.046122178572138,-0.058320583545350,0.023617596122155,-0.006767874356196,-0.119735840418757,0.038527758154564,-0.068555203377053,0.010612434346134,-0.052330748119007,-0.103449985982886,-0.057659870900501,-0.005548432257529,-0.083888075932026,0.018262123553136,0.071570673660072,0.142793823721671,0.236540754284233,-0.166284552626799,-0.115946007555483,-0.004810167981211,-0.241270720592767,-0.031935040897906,0.051645042765837,-0.020607583512881,-0.005865679714694,-0.076547711057262,0.021506658346817,0.055048619469297,0.016971357606886,0.207608489224902,0.025776174517491,-0.045484939745634,0.132876220544445,0.103735039003229,-0.152842788310692,-0.019619283848757,-0.127459910388350,-0.003960455068476,0.037101554980447,-0.007746304110401,Somalia,173.000000000000000,1548.000000000000000,SOM
0000000000000000005b,-0.010117823686630,0.080706339350421,-0.148823777138658,-0.079054955381924,-0.091529796076395,0.060921461039324,0.111256783440055,0.241402277011258,-0.035890182799344,-0.053917479486455,-0.028680085926246,-0.004701744701672,-0.061130416169713,0.008157314839400,-0.013352384394011,-0.023427393389382,-0.085298600111800,0.045281045833610,-0.068922428914512,-0.089854634748016,0.149603599980616,0.075152268321748,-0.196241620921319,0.146299439757204,-0.060192313061908,0.068217271956929,0.003416302749987,0.161966978579194,-0.011457619744158,-0.095940310317517,-0.085463683057078,-0.042234571470787,0.067569083490231,-0.148822831399205,-0.125531219391252,0.051270242395081,0.009386184804090,-0.020385496513090,-0.038177297932095,0.129891252488898,-0.145178183937668,-0.052032571569483,0.011400224976698,0.063061273064562,0.131976050260480,-0.164423381232973,-0.100775931998312,-0.016699354754303,-0.046834771293153,-0.069986213219873,0.084948137361361,0.046466723150322,-0.060440266690836,0.255055763782770,-0.009548344148003,-0.079043178087620,0.035648825642241,-0.088661237804920,-0.019201114350049,0.067937248738836,0.186739868078711,-0.030326596846209,0.009187750717429,-0.280818731617605,Madagascar,121.000000000000000,1557.000000000000000,MDG
0000000000000000001f,0.028703943496467,-0.002739987870265,0.168516350118731,-0.008950288843755,-0.119757224156112,-0.001116741090811,-0.087220282744659,0.114710479580665,-0.154135814464733,0.045480321116709,0.006655709701803,0.022526129936849,-0.217228962602660,-0.072523504243325,0.073361681463883,0.140157058023740,-0.056929620167641,0.024380307340120,0.014620391629178,0.101556611004376,-0.041395874903935,-0.163754404763356,-0.001181402419904,0.049844012161000,-0.036221538107809,-0.091919272257257,0.167328022209483,-0.009199648341023,-0.044609396514327,-0.012343435354084,-0.023319690700059,0.020925534265177,-0.062014046112106,-0.046002827095049,-0.099637758730066,-0.097330932560849,-0.133905727086568,0.165264302439581,0.192614123596162,-0.136627385759337,0.200508741162142,-0.034937140520658,-0.045060081527081,0.024926257430605,-0.128406240318735,0.083005364450643,-0.084401885648722,-0.102087472689088,-0.094690832612461,-0.088915296522649,0.057894955295430,0.085984528202984,-0.000491674475943,-0.025068003648032,0.172615634895856,-0.027319154927151,0.074789571383162,0.069075617664839,-0.104010719202884,-0.044770702993468,-0.168735386217355,0.021935538839662,-0.012081541207835,0.024093381211515,Chad,186.000000000000000,1564.000000000000000,TCD
"00000000000000000086",0.085955581573393,-0.039447482819297,0.119481781338320,-0.079061107898723,-0.047828730106824,-0.039842532497229,-0.000673881627566,0.094758970703526,-0.059598834238375,0.081582797286032,0.053110610725736,0.061491883943579,-0.272329349137491,0.038559934133830,-0.013026192448224,0.034040848175649,-0.015823183333669,0.056518310324738,-0.183439066543315,0.072687347194191,-0.325281991031362,0.186339795539854,0.118594024529014,0.126161238216018,0.006215357639099,0.076125047859959,0.127397969824900,-0.077321261060085,-0.216188570032003,0.190988804397114,-0.021608322931984,0.065051351687896,-0.094521977389852,0.057633857716832,0.155254302608685,-0.073887731649972,-0.063937299909702,-0.031398520480190,0.139435230994390,-0.023946004746165,0.114911955973189,-0.015765119335811,-0.082085500830995,0.338756748292804,-0.007164769899791,-0.057608127642276,-0.067523109345889,0.029879040181279,-0.111741801568878,0.049080622968922,0.050721245862353,-0.013001531213999,-0.015816634880231,-0.025427141248231,0.194127095446020,0.021424970945513,0.050323954182439,-0.051192798240224,-0.070166930420685,0.031653950892687,-0.160703254516243,0.053266427766362,0.072760805877492,0.101778155964972,Sierra Leone,170.000000000000000,1610.000000000000000,SLE
000000000000000000a9,0.038757003202712,0.091809456913117,0.053019521744195,0.028994802935461,-0.150292035893420,-0.051847700718656,-0.026413783644110,0.105426000016089,-0.220875336029864,-0.041333405211744,0.143552517755467,0.072216729624663,-0.236775900422796,-0.029686053385944,0.054252465586176,0.086323311010911,0.088324677240199,0.131879302200293,0.028599819582538,0.103408067238355,-0.011524780709935,-0.016373414068134,-0.002008706405519,0.023466470028408,-0.102834862772064,-0.095872794668337,-0.017819660809162,-0.057207692627197,0.054060156209888,0.055454549917356,0.050462016144097,0.138245056642943,-0.056757358518952,-0.117340877339303,-0.108975626182135,-0.007392201791245,-0.053700018009697,0.015208611653883,0.070236206097464,0.076384202561312,0.147218711709668,-0.082028122755459,-0.106201251191801,-0.041159037243217,-0.085672162332581,-0.079733075365819,-0.024667599561286,0.101893235809071,-0.097478301535845,-0.054129679817894,0.023367263600135,0.113590495379041,0.056398068800796,0.051832014065353,0.163173861984818,0.131530832391730,0.054105431340053,0.053374154870868,-0.131679771065681,-0.095451855883476,-0.085108366796874,-0.097066731774377,-0.018522126162564,-0.033415273236650,Eritrea,57.000000000000000,1718.000000000000000,ERI
"00000000000000000040",0.053335962404216,-0.072816136793283,0.130878465228084,-0.042208909296168,-0.211439778593844,-0.019490820365784,0.021412099114406,0.124839662396552,-0.136450321557372,0.060932372811847,0.077722491964541,0.044760037977551,-0.202944942123213,0.047235802437500,-0.055173554602768,0.150063699242259,0.035593796364470,0.005827452575729,-0.126168401429942,0.134250681947395,-0.225177453490305,0.184678563313111,0.232233944085112,0.103762700428896,0.059543260846775,0.001056249092347,0.126033032226095,-0.018352517332774,-0.066842210329503,0.219007066875181,-0.018441339186764,0.094501811963889,-0.115866350008551,-0.063089742557957,0.006928259792785,-0.073690402867539,-0.062404839737439,0.055560360788664,0.208496795723178,-0.038648999852998,0.092285787137035,-0.078775283924573,-0.095688112083069,0.255682756369768,0.021761621651716,0.073300980931250,-0.103607471623452,0.031210083988677,-0.012922994068125,0.019485508852016,-0.023029826490861,0.037363967285389,-0.066394401427096,-0.005636950345081,0.081571137705976,-0.029764842229181,0.036689909918775,0.000005350544784,-0.165979679324571,-0.074171893507682,-0.000862761349157,0.004104084819303,-0.003282431726080,0.169062022137373,Guinea-Bissau,73.000000000000000,1852.000000000000000,GNB
000000000000000000cb,-0.000930289524396,-0.064959722738763,0.193881629941163,-0.158022813499660,-0.078694024561740,-0.078597183592478,-0.171490139350110,0.354487107999880,0.104293213570681,0.056491559634936,0.140490323553302,-0.012177005936776,-0.046142284815998,-0.000547340261311,-0.072019020604597,0.005643444177466,-0.035281859074569,0.089425573446919,-0.224458786049653,-0.032915438540092,0.065693944638668,0.019255586648232,0.019364403077868,0.028529933005613,0.016996779563320,0.138383293287602,-0.066916010224748,-0.103293431428171,0.128521328474726,0.028933354530565,0.020455312841030,0.129587446521428,0.096098122313133,0.077424334425204,0.014956455736198,0.144619324548327,0.004902464782129,-0.095785018395685,0.064380652213769,-0.091517667022672,-0.018788574189871,-0.009920528641433,0.055858427655611,0.004794470126815,-0.063368575829065,0.118701557017087,0.189436675839927,-0.001450406856380,0.048802920442190,-0.134705982090681,0.099550675563027,0.016500043899346,0.000665837653781,0.111106457834881,0.005776217355297,0.018319217265630,0.016914657311848,-0.034799570858934,-0.114507237213566,-0.006065222596839,-0.180007150994154,-0.000026973022442,-0.160688993385084,0.053923846284824,North Korea,156.000000000000000,1882.000000000000000,PRK
000000000000000000b4,0.012872530960701,0.083463150189648,0.041297353050909,0.006839592654292,-0.106709848181255,-0.087453504648132,-0.014442572503608,0.097966233237070,-0.232017996941510,0.040927294690076,0.054795772298863,0.074082350307990,-0.255008921149417,-0.104020703289085,0.101605675350623,0.056504542231677,0.021980012398975,0.107092446760211,0.103599880531492,0.062493678187689,0.050831042733914,-0.174035573863785,-0.123892474428125,-0.030329160033615,-0.114157152887318,-0.123932914366595,-0.005926260187061,-0.015190929354991,0.028417540403375,-0.054678107873805,0.068869105450579,0.105046584594431,0.000214104858489,-0.042077102502314,-0.108972783875099,-0.061819309894729,-0.055724770018908,0.056726497988148,0.028120551909146,-0.012664196707175,0.225727851405123,-0.071175354951633,-0.086087017686409,-0.045866687582674,-0.089968899178389,-0.008049206197004,0.006787328707593,0.020154567299599,-0.087448178817094,-0.026180496668259,-0.003176088624984,0.078128674168618,0.053011563636456,0.052529206505562,0.197195884716029,0.024543144220703,0.026872856918411,0.076770901349711,-0.048453817989512,-0.057162970625957,-0.143607277503522,-0.106138595853586,-0.038450825061201,-0.096933068945658,Yemen,212.000000000000000,2012.000000000000000,YEM
"00000000000000000038",0.036335793894433,-0.030961553141897,0.157261038543521,0.006460778383843,-0.232572035237699,-0.002102490014520,0.011069878495189,0.119500269723989,-0.182271580792273,-0.012910623713268,0.053245402905572,0.036384397061097,-0.186946795631482,0.063777340317567,-0.032242852799036,0.192949017403002,0.025405368247844,0.102395628885078,-0.119581651754201,0.128936880872182,-0.171354785178480,0.091923280305243,0.204112783369382,0.132337881753444,0.081415042722364,-0.019072578182196,0.149084652231856,-0.043347414086213,-0.097127661909049,0.181674666634731,-0.032424667534918,0.059691306708343,-0.171177726159714,-0.095115330665691,-0.009737097977560,-0.017224877611472,-0.114021453343602,0.106587765424943,0.206882177591686,-0.000618735342765,0.135233730644990,-0.114839077218443,-0.137795213815655,0.140242871297997,-0.045671862129962,0.133822671289903,-0.067292043307174,0.013471281050668,-0.028672128140470,-0.014655979822282,0.054842289191805,0.097017448507735,-0.064933974382400,-0.004789965525573,0.073808016537252,0.017223350889245,0.061512972342899,0.042821630245949,-0.193353483521259,-0.111696807828137,-0.008785306064909,0.067686927222494,0.018387648654425,0.199175332056384,Gambia,72.000000000000000,2013.000000000000000,GMB
"00000000000000000096",0.065445562798651,0.014382213487831,0.159649482074478,-0.014074727680537,-0.043012322432535,-0.045918197720943,-0.052192113799629,0.104155878189984,-0.081682026466898,-0.056096592480466,0.000497569463628,0.031083690672978,-0.240338926072157,0.074667430946953,-0.018716101070565,0.071306155197559,-0.033791222157158,0.081500020083681,-0.130197920518130,0.150763477260403,-0.226505099796101,0.185373023975628,0.133371018864216,0.145707331058838,0.043666656798330,0.061835510638141,0.118462433693529,-0.082312206103993,-0.231039839839149,0.229251257832227,-0.110127456885120,0.067054869635610,-0.177562475644438,0.024743416553918,0.126038254136131,-0.057955011319150,-0.180030757582130,0.099051576494753,0.154966769022006,-0.006414392995555,0.081175131752443,-0.091909582408217,-0.139533646999756,0.214556173681516,-0.074614796646785,-0.014101904859298,-0.011514019791623,0.021846122218046,-0.097921630388582,-0.006260291558825,0.146431492355294,0.078079333405007,-0.079627690110484,-0.039501517842427,0.167505746559153,0.091975658029179,0.014037945885609,-0.012232513094721,-0.161293815445103,-0.027115532740920,-0.213654345232400,0.097784599247126,0.088571705718563,0.169931714331446,Togo,187.000000000000000,2015.000000000000000,TGO
"00000000000000000053",-0.050796279557876,-0.076513519113580,-0.127332455414230,-0.118226895854727,-0.138380293673010,0.025879002602493,0.151944392606957,0.083041964326665,-0.060401294565676,0.149145189503255,0.142315869187842,-0.006537027967320,-0.087558208632099,-0.095406446902264,0.014551506627456,0.062232511705465,0.032916935550592,-0.042455215286322,0.009756855489325,0.077275534460721,0.158202676466090,0.240279709185057,-0.110246811625814,0.072820132176008,-0.135320072964766,-0.174660591873505,0.034193471809476,-0.094445031100280,0.008418267029278,0.022186257181483,-0.052694528837054,0.277018771659479,-0.042008185751342,-0.004914341759027,-0.105354881505992,0.061986435832785,0.079005864493710,0.016789728715181,-0.007212874957214,0.131834639298833,0.071158082363943,-0.270370086038431,0.081957905010421,0.034919347210443,-0.144820812920940,0.027084830758345,-0.076873411527566,0.054233574853259,-0.064078951664603,0.031275660699383,0.111421509858635,0.127968233279608,-0.176524740491803,0.081455445052484,0.037637026094387,-0.081097861508224,0.061937215142681,0.102421977649563,-0.040721425488146,0.015696452944318,0.098926179140624,-0.197390105189545,-0.015143421867043,0.083999859751206,Kiribati,102.000000000000000,2039.000000000000000,KIR
"00000000000000000080",0.120788671773413,0.156935526124698,-0.106196154639231,-0.064918594236688,0.165733823521531,0.058335985543942,-0.035356667595286,0.144164814984054,0.050566761541101,-0.097816893719329,0.020296628009749,-0.156743991083659,-0.137495891597049,-0.058337099637201,-0.025251252731476,-0.202423486880798,-0.177909472922831,-0.002464144432095,-0.088678354702937,-0.051934758533774,-0.035392339307409,0.007568403992371,-0.075565121738389,0.101368636346585,-0.082731906569809,0.043764429422384,0.151970357453035,0.106868836761987,0.032817431397319,-0.079579291864043,-0.205737580905629,0.150275885366275,-0.042441322340426,-0.056546702093383,-0.004287726403478,-0.226168340724122,0.055151109762404,-0.045372054526513,-0.022289377395072,0.135113908154219,-0.153492647036407,-0.040514715125404,-0.262070426836376,0.026769672173547,0.033451512461546,-0.167661260690345,-0.101138854215529,0.052008366135098,-0.112896776278766,0.006686286797375,0.025082100702957,0.086924718763140,-0.032536124085977,0.142275235871199,0.153463502716568,0.023585399660974,0.074231606268100,-0.028998456523238,-0.122713029668201,0.064349507335506,-0.021842416237440,-0.063364295228287,0.007139818964489,-0.277192144611418,Rwanda,164.000000000000000,2050.000000000000000,RWA
"00000000000000000018",0.004493553131788,-0.003493711271341,0.228908953601753,-0.003524767761916,-0.172670825061708,0.019133678028925,-0.085523541326445,0.063943023496354,-0.137533458576785,-0.060719924320969,-0.050370031991916,-0.013623570125869,-0.185085060919268,0.014598133289050,-0.000498763132980,0.184888931270618,-0.026084882761379,0.108746740561620,-0.093471808416970,0.181601192733921,-0.140924171945526,0.056553238446714,0.185848497075826,0.141765649548866,0.041927734348354,-0.016715323575091,0.148440981350070,-0.032733377286245,-0.170957369766842,0.125702330646352,-0.053302971655656,0.042338549893541,-0.170372054623099,-0.074995122074053,-0.038534723343253,-0.057747573227513,-0.238943824110634,0.143058263131402,0.216878577952967,-0.047401488313421,0.164413259247391,-0.074428456676698,-0.155082028467897,0.131934338360085,-0.093605554812121,0.130795869514000,-0.038671038556959,-0.018330889531317,-0.116854686912227,-0.110854963252280,0.142834532666296,0.120566354698461,-0.037917143205081,-0.045552543373735,0.139124922224501,0.089182792534512,0.068164809664766,0.081730609642163,-0.191475082004331,-0.120474645867635,-0.169989833077012,0.089429838664073,0.091226749628467,0.144067921202706,Burkina Faso,17.000000000000000,2051.000000000000000,BFA
000000000000000000bd,0.095466476717228,0.029397916776336,0.031206336171908,-0.043568028710150,0.047036209322002,0.072313214434789,0.053277105914726,0.106101032924282,-0.174399563426023,0.089806824821317,0.097113032437851,0.000174046997031,-0.196040327190493,-0.069156045538151,0.022622829810558,-0.016320586363109,-0.055304852259177,0.084263907461752,0.154565004968643,-0.116245647368321,0.006506414971226,-0.153764836049506,-0.094523165364980,-0.104958701984116,-0.083271767936881,0.011497519053836,-0.008630394624036,-0.051583162460121,0.094812054351610,0.064450684277238,0.097672877295090,0.085143357123491,0.152011454646611,-0.087315141801226,-0.063447248397061,-0.037079493486007,-0.006566421640445,0.072040624962118,-0.128191496615650,-0.017989854654352,0.105395456997124,-0.026074640051201,0.068464270702219,-0.234449366204159,0.069468114397972,0.075003314709023,0.020074803250751,-0.000100323029512,-0.096946120248252,-0.081112923870139,-0.012381913343365,-0.016425943756423,0.088391976044717,0.002622748425058,0.210586223107204,0.055723312894693,-0.113328170582727,-0.125762294520869,-0.079137674523332,0.019654586290358,-0.042320600982636,-0.000752358190625,-0.105212393137286,-0.029070694126016,Afghanistan,2.000000000000000,2061.000000000000000,AFG
"00000000000000000033",0.045995445825597,0.038247859797503,0.048022512807636,-0.069879856387912,-0.088028833231295,-0.020747627327645,-0.066586588458321,0.088649348387625,-0.080100655976873,-0.096458565776251,0.005905408095166,-0.010975567471864,-0.212719749282542,-0.031324731025166,-0.011868082733280,0.000628260193993,-0.021606397716682,0.060118185346500,-0.051361112051801,0.054331678584374,-0.060459040558583,0.015565230936001,0.121695516415540,0.061127840618409,-0.047450515894745,-0.071635947903968,0.035723024728685,0.021483154325873,-0.082099472714189,0.048220289944770,-0.117288774379286,0.094105590331269,-0.127402609550577,-0.115860772174604,0.045742566709140,-0.085630842930473,-0.000423485559110,-0.044351114889315,0.116376531962014,0.066457604616830,0.080740327035339,-0.104474414816645,-0.200623562904129,0.045162377692008,-0.066771785908995,-0.106562966358820,-0.018339441987377,0.079666242956819,-0.114185197481753,-0.094651178699771,0.052707863590850,0.090743669136211,0.060525255028882,0.116800547173515,0.110334962972249,0.079743083511262,0.101714108379449,-0.018416560294338,-0.250256771326003,-0.137831331027978,-0.085997422612887,-0.038414738157700,0.022052636040095,-0.032283752539004,Ethiopia,60.000000000000000,2067.000000000000000,ETH
0000000000000000005f,0.008895749175960,0.019533649458118,0.181438137635791,-0.009978915831075,-0.146765546694213,0.014205291768371,-0.100622336156997,0.110128722144504,-0.164913374334747,0.068569768443962,-0.013602724890577,0.011328764009808,-0.228487930681599,-0.077750627002060,0.066667453864023,0.144493261786516,-0.074740485394916,0.031903659841734,0.010942953373701,0.112865294080764,-0.050119751059000,-0.185856724383052,-0.009073037129745,0.056079191487952,0.001091294034866,-0.094529736125865,0.180270789482444,-0.015820161593291,-0.038801934879720,-0.027323863036324,-0.017631227122279,0.013509278410858,-0.040135443366247,-0.048301079866086,-0.131017085863732,-0.111508800954257,-0.135584405479492,0.187553962425198,0.232283245835752,-0.111728155115469,0.197616666876288,-0.018173816884582,-0.008373155911396,0.013750804187788,-0.142448351736708,0.084993524473212,-0.098501073237679,-0.142047473043373,-0.063775989974887,-0.081188960049682,0.058931525822019,0.077499847872014,-0.014108424455061,-0.028972526300400,0.167876228355196,-0.058909158813642,0.119421694086134,0.097294283183296,-0.079317589224817,-0.008678751418951,-0.167875433418338,0.050339392545310,-0.009160679536655,0.033512055697637,Mali,126.000000000000000,2186.000000000000000,MLI
0000000000000000009c,0.088647262115890,0.076329852724007,-0.006513836724407,-0.077000057422971,0.129211002552672,0.031212454519885,-0.061493828118490,0.153717063660456,0.043462917610895,-0.084106867324469,0.004937832882811,-0.082901308265674,-0.167247527898127,-0.032658872545409,-0.003025020955536,-0.140245527053841,-0.156369980941904,-0.021451585937293,-0.056086687288283,0.027687595941061,-0.104102213739102,0.080896095697053,0.065673589950123,0.133185641633406,-0.043072834524272,-0.029626647313800,0.102304825206841,-0.008912148123379,-0.058696191261303,0.045880334755739,-0.250709516651382,0.198525783519365,-0.143436954855297,-0.083718644406196,0.076539817562830,-0.132574509937788,0.010520796448530,0.031836880916351,0.139945775685656,0.091462287448946,-0.027428621859657,-0.131363456608135,-0.194710605178303,0.048269104000542,-0.049744721864112,-0.161882581196059,-0.096050464784415,0.012070304796924,-0.110217526468730,0.032618428145738,0.101595489672092,0.165207669142953,-0.075530046750049,0.075402490069026,0.112305016470717,0.146088205905130,0.079612668212466,-0.010154258238034,-0.179932721006581,-0.047941499959704,-0.097970646409039,-0.027716517821707,0.062344606137764,-0.075942760012500,Uganda,199.000000000000000,2187.000000000000000,UGA
000000000000000000a6,0.076557375882455,0.133364263736504,-0.141611964444841,-0.037042484717590,0.026902290166971,0.108336275451307,0.029068181036565,0.285447168258211,-0.060321372454681,-0.091461859736449,-0.035988990374638,-0.078039217354833,-0.012014587100952,-0.060203633566110,-0.027907516847449,-0.088544549562863,0.001512764906502,0.039992191327270,0.017298102269149,-0.094162739444705,0.207140421865296,0.053857706981527,-0.152393695620251,0.139167624639701,-0.109324043187154,0.031753529184644,0.076289412387492,0.298634429325699,0.026272306477457,-0.094953547669534,-0.198000132085607,-0.100244214122559,0.051549131752189,-0.202175417780338,-0.075158013271892,0.030437897344904,-0.109640447203720,-0.000504192447629,-0.086982212745210,0.101628849944137,-0.085983192241460,0.044675947617044,-0.027234602187995,0.170760329913543,0.174912852292140,-0.188561940486160,-0.098414804204186,-0.072263587497352,-0.112121666462593,-0.096549335398617,0.082880771660079,0.020515481289728,-0.112367206205866,0.252368093669160,-0.029543808158877,-0.091982793809322,0.036743711009796,-0.100168291169689,-0.123338887903967,-0.027178126161487,0.162104136175940,-0.000412833996958,0.045926232338599,-0.224624557144123,Zimbabwe,215.000000000000000,2400.000000000000000,ZWE
0000000000000000003f,0.060402560364070,-0.064757350178606,0.155442105131309,-0.058253514484398,-0.101955473362721,-0.071934203631295,-0.051510227600483,0.102460491147437,-0.060199898194655,-0.030419428490511,0.034961369606471,0.015143283601634,-0.290507098883521,0.032626382005352,-0.012221864766195,0.081163501869140,-0.012907019329203,0.039658119663630,-0.192807212036152,0.085283670872731,-0.272048390346325,0.170709438604488,0.196930865787382,0.123745416020910,0.049698904622449,0.016232092777216,0.115891198502901,-0.042562683233057,-0.186731647225938,0.199467015217672,-0.068256166839650,0.065594563469429,-0.112365823869879,-0.029853778468734,0.092240237092417,-0.111135096273278,-0.141550316066911,0.020925244203754,0.188514365084370,-0.088717541195755,0.086057543332026,-0.047301819097006,-0.178564014625132,0.307096603501192,0.011018049319272,0.000087546316148,-0.077394291883965,0.046703597733127,-0.131190673534334,-0.048810096247482,0.064307083792229,0.068411194257945,0.012596043747313,-0.035423522259588,0.130301259118126,0.048420865151083,0.028820392558110,-0.043105518462626,-0.165849819389255,-0.111837087836892,-0.137329663282141,0.052311906865688,0.068855236433557,0.121434827537002,Guinea,71.000000000000000,2472.000000000000000,GIN
"00000000000000000058",-0.031668113040012,0.056192708587956,-0.012068933661983,-0.113523702434869,-0.164008533282470,-0.031430920877367,0.100154998489449,0.134868762692133,0.063585906827918,-0.097220458693324,0.182577466788336,-0.220324011337546,-0.047126400613893,0.034207801254660,0.148433956778545,-0.061999128207072,-0.147692895086090,0.034704097802723,-0.126152195932741,-0.083627033391691,0.032013991569851,-0.037795688781950,-0.112195638059232,0.036029414617503,-0.087472705127724,-0.063108567243497,-0.036100230380434,0.173496023145222,-0.000878997883300,-0.158751400110945,-0.037318482901921,0.014743161490635,-0.009572155387179,-0.088674320602095,-0.010495632770227,-0.134301154979906,0.113228845297284,-0.081687757455452,-0.095201666140320,-0.007215565222960,-0.209944296191462,0.083016525273287,-0.033780250436563,0.054279815041135,0.251230760809339,-0.220838132858015,-0.067367919186800,0.003730275166986,-0.180937014489384,-0.176388044046417,0.113791165174841,-0.025767173578370,0.000060793628959,0.136215139072890,0.143005692236871,-0.126602296591686,-0.096422685523031,-0.200163862641633,-0.082949507543068,0.032742950321156,0.155737916376149,0.107551845047200,-0.038039778975488,-0.195909721119060,Lesotho,113.000000000000000,2501.000000000000000,LSO
"00000000000000000094",0.129423545811601,0.108977697298695,-0.151414468480813,-0.070606101031803,0.089351388411086,0.107955340833195,0.036188940491816,0.211136253181717,-0.032529988426585,-0.067955318167119,-0.013393452809667,-0.055866660148737,-0.035643116672709,-0.052304062389365,-0.040101470374784,-0.101845702267729,-0.053508962583768,-0.014633908667083,0.021451175373766,-0.056805044496928,0.174163790953077,0.091810490853927,-0.092599129499515,0.157052821605098,-0.088148100521558,0.060575645049178,0.102660864915175,0.218600686081432,0.015235229610142,-0.040880078914477,-0.211466523671074,0.024805779333086,0.018822735076298,-0.134978549367284,-0.104962986940141,-0.027251422087451,-0.061028359495216,0.017484397451197,-0.015761158025449,0.119728566467023,-0.059254269936353,-0.039449018347527,-0.093976396556597,0.068152439490263,0.064278680081159,-0.192229848004043,-0.094716859772610,-0.022421240467064,-0.098414150468254,-0.030407096560247,0.042779827330743,0.082434265729004,-0.105446321523252,0.238397222570505,0.018220692575325,0.015508531523894,0.064357115534596,-0.034669542155149,-0.138409217390284,0.033150268049675,0.076803428837661,-0.043154316257131,0.029383650108591,-0.239558551853309,Tanzania,198.000000000000000,2512.000000000000000,TZA
"00000000000000000088",0.031920143373491,-0.014982319450064,-0.080018988545764,-0.162730141595729,-0.014362999849615,-0.017581295616627,0.055240656771364,0.096754898027958,0.097601197975330,0.081655821159038,-0.005197049859868,0.113381631418537,-0.045431009285698,-0.029451784398987,-0.048393310071909,-0.033938129489903,-0.101936274627798,-0.107259511397259,-0.053073510499470,0.020094771579963,0.031494704655070,0.104004108508151,-0.050478297893714,0.166929929010088,-0.132332893673359,-0.159833408196427,-0.019234784091891,-0.086634921576511,-0.000433738466844,-0.101835669517143,0.001887222472737,0.201047859173785,-0.123317067685262,0.020958478078828,-0.045303458437401,0.030967816575240,0.143494386810318,-0.068471058605523,-0.035976506946519,0.048586987888346,0.118381020341488,-0.232393279047974,0.174290423727113,0.055152508419522,-0.016764650804005,0.053345129164744,-0.050238274599378,0.094297294242579,0.005203794814591,0.052621515667181,0.086561599194624,-0.014532036491821,-0.199951795035588,0.077186139963867,0.165499655232519,-0.027830507352123,0.048232262487771,-0.014210596150092,0.023290779627418,0.111058134109729,0.152461369564855,-0.074061790018030,0.085755931308088,-0.030777467505967,Solomon Islands,169.000000000000000,2633.000000000000000,SLB
"000000000000000000e8",-0.007570406464738,0.042358735176511,0.095118948541376,0.008025711177186,-0.132053438572652,-0.006937304552532,-0.105903098385095,0.072487784640924,-0.076848096246770,0.209689010289740,0.101975702317976,-0.013006407274179,-0.287680474731251,-0.145464968510031,0.114380693729299,0.105680076108703,-0.040363979258909,0.046806413105552,0.092274149146263,0.078444412777379,0.067483127625412,-0.218080507349149,-0.168970628286162,0.024113259462048,-0.083783289458554,-0.119217295506685,0.124501902796206,-0.028942025642840,0.024800526006742,-0.070969339512121,0.099746709534352,-0.039678649140602,0.103009636567632,-0.104857333882582,-0.217985143544072,-0.129252815462373,-0.051539057456695,0.242077273586648,0.142294017648232,-0.087574913482806,0.194269431693157,-0.079622419470707,0.040535805100763,-0.069934498213909,-0.183569978611048,-0.018745345285720,-0.074484382839406,-0.205032519467863,-0.001555631891204,-0.006667036418485,-0.048367733700600,0.042439882154340,0.056411379367270,0.008541516444417,0.168878517531766,-0.186109968774898,0.120095405016715,0.109683949645844,0.019297811652347,0.068494620891697,-0.163952467394815,-0.017242722136080,-0.056181993602916,-0.081672755610977,Western Sahara,912.000000000000000,2654.000000000000000,ESH
"00000000000000000011",0.052111190857060,-0.007182760309588,0.170836474926793,-0.004854007028120,-0.090687136132208,-0.035055070816330,-0.044824010749876,0.093956238674768,-0.090576762258596,-0.061996741277528,-0.009069067162297,0.026964469762124,-0.216794581549532,0.070812617781830,-0.023897880559175,0.116159884379602,-0.016714303518439,0.082511770013746,-0.118527147810312,0.162362820845227,-0.220430640329449,0.176850680374543,0.174863783582058,0.153764628736716,0.059123210664584,0.050901407762583,0.132399734856096,-0.071251582157654,-0.213017452040320,0.222127730302281,-0.096884635549397,0.055946045307878,-0.192945601434377,-0.016621314596307,0.088874849496224,-0.057864052064659,-0.198888680941167,0.098877803124826,0.185003085671643,-0.032711395319699,0.101672647409785,-0.083498675442067,-0.155117466673946,0.213708350119224,-0.066545903186281,0.035722749720687,-0.026270253878142,0.014620234794179,-0.101811634106842,-0.037211245164799,0.125027152707310,0.084173460950435,-0.063347590025545,-0.040430236789375,0.151795412539394,0.094877824918342,0.022587911452031,-0.009105195156143,-0.183009316417587,-0.073758095634444,-0.178001842073946,0.106526703093010,0.080750897655793,0.183103703065337,Benin,16.000000000000000,3040.000000000000000,BEN
000000000000000000a3,0.014914012111176,0.004457200501496,-0.116223865321811,-0.187495570274668,-0.028225207925411,-0.017905565824919,0.062544393932197,0.183167926370440,0.069626824170979,0.053293779961483,0.001050675673508,0.093576364412349,-0.008032705979828,-0.027235928554093,-0.015935411919287,0.017734401308731,-0.090150170190490,-0.071724119923484,-0.028695762515361,0.048499981588683,0.049281064783218,0.150887516083869,-0.109539404892257,0.103613398571289,-0.192437200902686,-0.113417172365548,-0.010604832779165,-0.012807804355159,-0.028730523748805,-0.102683353850233,-0.063446530901938,0.175471800271909,-0.026073489782211,0.024867603819629,-0.043037548055142,0.025166055907503,0.124668392801560,-0.043493073530548,-0.088318327612277,0.052529033190505,0.041709372718774,-0.224947694388214,0.153557131832925,0.073733563014743,0.013219645765044,-0.013135869731452,-0.100476130892008,0.052344381497253,-0.026915613357120,0.038737477359144,0.073524260654150,-0.028204265704974,-0.220437408439586,0.088985104100062,0.040353128431416,-0.072438609883074,0.015583001945760,-0.027585002494972,-0.005985683665548,0.107074385149111,0.131612776503933,-0.175864775070368,0.045366759721728,-0.052477761354913,Vanuatu,209.000000000000000,3045.000000000000000,VUT
000000000000000000da,0.082637065915838,0.016940499347213,-0.161958018245879,-0.130885443960493,0.039699079512724,0.016083541820773,0.118884632816844,0.195233641354565,-0.019855482587930,-0.047902793609187,-0.051099848765920,0.130899123742540,-0.005408755863366,0.027748416408954,-0.016594739753710,0.020515048431870,-0.074212158787921,-0.021202865709061,-0.081088898960829,0.020382374601017,0.106928465387594,0.052148515918706,-0.171568481045388,0.094960416758733,-0.149849534305586,0.030832596162505,-0.010931670322985,0.184906102155307,0.031889335506182,-0.078422153013188,-0.064911735858736,0.080748649121073,-0.037337363956779,0.009316455478408,-0.074094532726323,0.045083930632828,0.037471920881215,-0.030920606070893,-0.074109411872042,0.074644112213439,0.020350303585505,-0.232618709667030,0.126341424173595,0.073951873343913,0.017593707856206,-0.093274202234478,-0.087460796657723,0.013280830223769,-0.040851047650360,-0.050951085813542,0.032207589692763,-0.030911779171020,-0.158440191821021,0.225100414223316,0.076583219102835,-0.058223480047801,0.018171978568980,-0.111611364992018,-0.015080655205236,0.119509189654484,0.148656394292381,-0.123186661379034,0.046530151521197,-0.256461384958531,Timor-Leste,191.000000000000000,3076.000000000000000,TLS
"00000000000000000042",0.050984519324959,-0.045445258623053,-0.047356218295682,-0.124058947000037,-0.114432045260088,-0.084233207519607,0.180321830400118,0.059884587048482,-0.065567290752439,-0.044720151984051,0.042738698361523,0.055066805335332,-0.141473522860684,-0.030249591826266,-0.009767624052299,0.028777594455213,0.016134285140743,0.115412583423389,-0.101097644885120,0.114788237620690,-0.088408355574691,0.097858795665486,-0.012154458829792,-0.071444821676109,-0.103023824040811,-0.046349490791642,0.093138630401035,0.016305526204435,-0.117904266864450,0.155265364321917,0.027139616937223,0.074145315395797,0.021296046907651,0.114336785840883,-0.108006453622508,0.031421069790970,0.150968835269492,-0.025185886615391,-0.079762349564688,0.061942205958591,0.190031324634328,-0.280693638823962,0.058197909790737,0.065537166835118,-0.137106711926652,-0.079353560408736,-0.118159836271866,-0.017597309217554,0.045962901736004,0.038241399927492,0.038183581792695,-0.100359470907670,-0.043753523030355,0.117224061140019,0.083926435638954,0.008483645041271,0.027899758123027,-0.023422802520997,-0.095776331055315,-0.195093969010228,0.130879906185440,-0.159633713630140,-0.064016817941555,-0.000356704411724,Haiti,84.000000000000000,3209.000000000000000,HTI
"00000000000000000023",0.022487687133076,-0.009521977481129,-0.175459852438240,-0.161985428912770,-0.035885846534352,-0.007532581086773,0.100436815970508,0.173009017457019,0.059831944001324,0.027580433948837,0.030753414578049,0.077505627233106,-0.032751113521634,-0.040834930722231,0.002333967571846,0.024768880943481,-0.084735837471387,-0.063779752075076,-0.032371661052870,0.035758198173246,0.112109404434635,0.167573860672866,-0.137736136810693,0.097839051385615,-0.161568427008545,-0.084676311914399,-0.029522718883952,0.006803788736199,0.035746990490753,-0.053004748183587,-0.107981110512481,0.210130987938731,-0.030958047056129,0.018521359997150,-0.070989710687358,0.042125866222564,0.099165503658029,-0.042886034873916,-0.041403908470126,0.061834061909148,-0.008736313358923,-0.261388108312314,0.146339848080404,0.029223060350143,-0.030393381264998,-0.059582474229234,-0.132308693385097,0.051537977386511,-0.068133076356252,0.009745493872426,0.065280664683660,0.037110923207867,-0.171914775779323,0.149632615337584,0.018283630073157,-0.108877178450753,0.031943786915781,-0.046139513362649,-0.022684746764011,0.082559475156852,0.129024830654017,-0.152408988114492,0.020865943120674,-0.036291447048623,Comoros,42.000000000000000,3295.000000000000000,COM
"000000000000000000d9",0.124284683804664,0.096537550397347,0.035330328923482,-0.010543657941727,0.064072935858317,0.113741633804635,0.125727578390926,0.070393922376182,-0.069297341728239,0.075565131863803,0.048966350338347,-0.038030321259948,-0.340104623136381,-0.082738367248893,0.082480501893159,0.029392771575139,-0.084466443233532,-0.016080119378233,0.074284163280782,-0.111366719682291,0.051055329578769,-0.191317649288710,-0.079093195387451,0.020832509360518,-0.013402399360967,0.008435022703023,0.074195468568881,-0.027016898536279,0.107242184518285,0.001356908312979,0.111132788794156,-0.140876682975977,0.278419954234385,-0.173398568115970,-0.139532939720921,-0.111853712536151,-0.026181147544038,0.086398862906954,-0.042249818372015,0.054576450619755,0.131471520039069,-0.109611513399864,0.049496735312709,-0.181049656008731,-0.118183903820744,0.119107685310542,-0.008879557980740,-0.085741608306675,0.023135662619311,-0.003955046388337,-0.141865474869166,0.087714918122641,0.052648193522213,-0.019109225114167,0.125524206547369,-0.108178665035050,0.044254353342399,-0.013403347169587,-0.030740515923976,0.043481905996845,-0.054281477415991,-0.055948570264003,-0.039691173865253,-0.035730964520300,Syria,184.000000000000000,3363.000000000000000,SYR
"00000000000000000084",0.014043865643896,0.006172787939678,0.176720827546459,0.019609623592731,-0.220667401063505,-0.003226425781154,-0.060481826553626,0.124920453268550,-0.202674749324781,-0.007403124843203,0.016217796800783,0.028455822433462,-0.192831712388512,0.016335523666262,-0.017659886738464,0.200624339280053,0.000025901926954,0.106388154425032,-0.072677577449107,0.145831840447813,-0.137860635737927,-0.011537228844745,0.160621188460103,0.125480179928305,0.076857454037966,-0.032184893074703,0.162846365137547,-0.027283698829713,-0.123537722598519,0.133789598672718,-0.032315815768013,0.029109942535790,-0.153081847012680,-0.079214590090649,-0.080101777477614,-0.047660827770236,-0.171910312190868,0.143332732898776,0.235893811960296,-0.017503015647007,0.208395851573702,-0.085867906866484,-0.114280124763502,0.107282587623244,-0.101964721925140,0.133880769844505,-0.036443762486927,-0.042095415650180,-0.031111609704576,-0.077059406641885,0.065281548669293,0.091354376896693,-0.031620986188740,0.012862220577515,0.086201615133858,-0.008780944342244,0.084119584389541,0.079598930336966,-0.148100657067330,-0.094397701454538,-0.078596043962679,0.105325528269524,0.050400047717876,0.155632554421776,Senegal,167.000000000000000,3369.000000000000000,SEN
"00000000000000000093",-0.031073763775808,-0.091804946370556,-0.044122268501678,-0.115521424677241,0.022422450012713,0.114129261311280,0.105128023383338,0.130017595340473,-0.088318206581919,0.117312022310436,0.008692125505487,-0.016450682968595,-0.023408683493683,-0.068053095084572,-0.150271455249074,-0.000795814452230,-0.025307533605142,0.059464128716867,0.046283464884511,-0.131776405156412,0.035065381723656,-0.054964741671556,0.025916227181256,-0.107816374650715,0.017703496335588,0.024374079736362,-0.037086233782181,0.009751332958903,0.055497416560713,0.047100768675216,0.056739515660946,0.085930378815213,0.113433950650328,-0.046107858313342,-0.016105427464367,-0.045738649659952,-0.014015764228560,0.010152781132657,-0.140815255294573,0.053521516698826,-0.001557861698633,0.061019022844809,-0.035973275355398,-0.220661291795523,0.081802747831306,0.187412882506677,0.005200348923819,0.018897800366667,-0.094677749650597,-0.010596145972073,0.031405912031402,0.018217767736248,0.035945241911067,0.060255034701841,0.263593334020371,0.030387994503386,-0.174539395485804,-0.159654458726183,-0.145022413728090,0.020288096481457,-0.035486110926148,0.042454417917665,-0.116851752043895,0.020273995923584,Tajikistan,189.000000000000000,3405.000000000000000,TJK
000000000000000000a5,0.153812157964517,0.122434136862244,-0.195171859554111,-0.070062242373331,0.118351708556400,0.149125492110718,0.014202098669717,0.225337128290801,-0.029826908270889,-0.069507255954837,0.013272030137334,-0.062896284426030,-0.014415367506632,-0.068826932518996,-0.037197852342839,-0.066219320958837,-0.080345698981730,-0.029333325179175,0.029575053371355,-0.082754645901882,0.177941160665295,0.052947440897944,-0.132357980083518,0.157318401851764,-0.105066599987943,0.069093353275136,0.090580400549605,0.296770922435838,0.091896373779147,-0.086829989167744,-0.208767781357921,-0.035363023837184,0.037311533763733,-0.180847314619431,-0.106046622903093,-0.038660713502187,-0.101623198853913,0.039651943597595,-0.051780417058490,0.074154328488291,-0.113693795270292,0.081660965756870,-0.054790940929123,0.125214191754683,0.164340433335757,-0.168692179927275,-0.156141070060463,-0.049538772019400,-0.093672662214159,-0.027661335929815,0.051105618053575,0.073146216820847,-0.110677930204848,0.226090921563076,0.001860999767241,-0.005434149766853,0.034764689674789,-0.075675188688528,-0.114182787426686,0.014519705966264,0.174009776070456,-0.053746976133504,-0.000655316658978,-0.284361354834269,Zambia,214.000000000000000,3426.000000000000000,ZMB
"00000000000000000082",0.013085591491361,-0.004813930931194,-0.095805971807898,-0.030533885028293,-0.001308018526733,-0.018723371655860,0.038052826320557,0.111042316181544,0.050411228769920,0.122402749967453,0.111731458501479,0.059837684906428,-0.097317311559009,-0.058475663784977,-0.027365197788197,-0.117827275111058,-0.020865589162043,-0.048748649733324,-0.090130807974196,-0.005350087537777,0.053695885793999,0.171319024262443,-0.009193931436164,0.206132156368538,-0.094740989286528,-0.087968962578570,0.102864822917798,-0.189738832066358,0.006862522323938,-0.063795547549590,0.010845056273837,0.206587173983501,-0.101431411385934,0.026171542762335,-0.013839606481603,0.005181520306437,0.067425317757488,-0.086455230388334,-0.031139713758488,0.075029406293455,0.021379414991399,-0.145490443630125,0.098608771142181,0.101504350339821,-0.073856471052843,-0.023730108021783,-0.060737978506324,0.093598837457782,-0.100632471032752,-0.006530731412556,0.119036375209976,0.032922316910745,-0.136378931435939,0.100787037915278,0.113778338446487,-0.002433321256219,0.018137897437629,0.027718916644726,0.131197341505589,0.135223092958396,0.036418410661621,-0.091749560158492,0.136139994608575,0.061999721011035,São Tomé and Príncipe,176.000000000000000,3466.000000000000000,STP
"00000000000000000065",0.021396668943951,-0.038999093747834,-0.100749200112272,-0.160299385420059,-0.054618702033412,0.020168011314672,0.116561625052775,0.076318647472980,0.032985432809192,0.120232045361297,0.069199066235449,0.077134612505107,-0.088013600840382,-0.097778099292066,0.005561009983519,-0.001457584062188,-0.017049848246896,-0.078748818053453,-0.047714295449206,0.040418344008401,0.056356728749006,0.165459015953083,-0.040688759971950,0.124933181198860,-0.123859492124603,-0.171850261753770,0.020927875400484,-0.123590252715518,0.020408997963694,-0.027722974852986,-0.040020056476962,0.313167007287727,-0.080983513807831,0.023158691002930,-0.039298606388173,0.051749742312950,0.191184466957322,-0.053126704419235,-0.004417880350427,0.061915565064139,0.129567797481859,-0.282905757253942,0.158333305495571,0.063365632605827,-0.087974452562538,0.050825703719582,-0.094336826553276,0.074560190246139,0.011995023911963,0.033523667577568,0.042008473751531,0.031556986054353,-0.170131065637837,0.081593752990025,0.141427292097582,-0.067410562509205,0.032568048381399,0.024689126326392,-0.004388912092852,0.041810140665407,0.147335534582210,-0.147842118277075,0.054840132993783,0.065455859807767,Micronesia,65.000000000000000,3514.000000000000000,FSM
0000000000000000006b,-0.009967741664480,-0.188756187291008,0.124654199064758,-0.081015541303769,-0.059021856448319,-0.002683596296998,-0.048451049538474,0.139034407083046,-0.050145553550275,0.114223469371394,0.111574010468565,0.018303324401313,-0.204946982977122,-0.053025165775755,-0.005378770680488,-0.010235834973980,-0.150162676763661,0.080606114487428,-0.097336917277446,-0.167914488884306,-0.063232338686145,0.078991934468832,0.124587660543879,-0.092948390687099,0.073468514655206,-0.009279219094614,-0.034016093115069,0.040456123222277,-0.090663954790243,0.010379899926808,0.044668478976227,0.186259431734105,0.018322509045525,0.010242216937363,-0.078935326623568,-0.040592187845263,-0.075683274244114,-0.047626822103901,0.019447238616124,-0.047351890593700,0.029045955658564,0.018916480965503,-0.170523106969828,0.073333562894007,0.087552859275626,0.133445544060479,0.006904886566756,0.210029432958058,-0.047079990365296,0.055048271109922,0.032674158104686,0.049322091465853,0.067223713459408,0.042369357040978,0.179257122283041,-0.112864170372798,-0.123208080275509,-0.087311989569614,-0.144706472073357,-0.142015367478306,0.067740280850908,0.025053828599765,-0.027411860751029,-0.060386073863840,Nepal,144.000000000000000,3719.000000000000000,NPL
0000000000000000001c,0.098851446641137,-0.028241737926341,0.068115427352583,-0.011227981580330,0.036428674367941,-0.098287839957263,-0.116085458833899,0.069104418207610,-0.042885622330511,0.061803666015275,0.045918826916687,0.025930885950503,-0.237770469710525,-0.022629861232282,-0.045961533752036,-0.079680745760352,-0.086497927455427,-0.013343504385883,-0.198838872899916,0.060329593432670,-0.110281288049981,0.052194981773413,0.211616706944519,0.172411886017191,0.033663363310512,0.011297326120610,0.145313896641867,-0.064199284581979,-0.133151310583247,0.064724743488767,-0.012719876037503,0.043835289847529,-0.190174562334049,-0.017592285770591,0.162554497882089,-0.080210835652448,-0.139941862261597,0.004136079296331,0.019835890515478,-0.093164800817451,0.090694567638857,-0.033150658010850,-0.111469686037615,0.211423897441685,-0.004029598340647,-0.066659821183524,-0.059829591577501,0.047574401679638,-0.146830320471727,-0.033021128665810,0.176473416246271,0.066567588930641,0.061163773402240,-0.035671387677344,0.146613636441591,0.099472799758921,0.030518779370420,-0.045405833912904,-0.053691645792369,0.001498580484500,-0.152484218706227,-0.047481415632632,0.156177024579200,0.068318909437977,Cameroon,38.000000000000000,3733.000000000000000,CMR
"00000000000000000076",0.047443529359036,0.040152356831030,-0.007602470764719,-0.124701246795520,0.030515854749435,-0.053510562106290,-0.007995289261888,0.067328962217505,0.074251876602999,0.103086839121237,-0.025841599757278,0.168559012877507,-0.012628424008952,0.007656424407317,-0.066005016952979,-0.124528141649451,-0.133202634192749,-0.092297769348880,-0.062593536744175,-0.008616184305537,-0.021898010449860,-0.050129485044406,0.018065495243880,0.203237849004565,-0.065215390683691,-0.022812749393883,-0.033670443536401,-0.078111769948627,-0.004463373668804,-0.158084446761415,0.065539416111360,0.048656760456726,-0.181877786849881,-0.007363108850738,-0.002800655686286,0.003187546288463,0.086936169939090,-0.089261741457192,-0.122054946239397,0.025553137825064,0.107053050576465,-0.154951304423160,0.072435408697007,0.007423634058929,0.006411914000911,0.009671211115256,-0.022079864803509,0.080521813372824,0.004851581591523,0.019398548333359,0.107173263417560,-0.051381849442858,-0.054316830616683,0.116797307757641,0.190765902779685,-0.002126656855845,0.062311983766241,-0.057366665175304,0.054546888718704,0.119754218535881,0.124479671949719,-0.031695418142916,0.129424225250425,-0.131065629299495,Papua New Guinea,153.000000000000000,3865.000000000000000,PNG
"00000000000000000025",0.095124610291153,0.034164574826136,-0.101946175809659,0.031698699060301,0.022513790595234,-0.014394283121837,-0.078280653096479,0.078356253212173,-0.050961297941714,0.169951021517893,0.120402682833015,0.103923476142953,-0.108973771794095,-0.060742944930516,-0.057766515917954,-0.187093172477727,-0.070121048899370,-0.007682264054345,-0.121537395348302,-0.048876787884624,0.028487369050648,-0.014800764928317,0.129814176566790,0.321862367548117,0.005158047738707,0.092791407643342,0.194046761613021,-0.022040698762367,-0.000088552807521,-0.085509346087321,0.069494500390728,0.000098733581497,-0.153546757723983,0.011010570166785,0.065113881419397,0.001478480430127,-0.111245999250736,0.003778195090971,-0.107149353572414,0.045636889017828,0.038324811733495,0.125742867229926,-0.024468211917184,0.083512840038800,0.034006220259513,-0.142390117337117,-0.089264092628283,-0.045040941581977,-0.125146389576955,-0.009970758919363,0.203850408389195,0.052691237654231,0.020109397100256,0.089779382861769,0.055899152861785,0.176394931983226,0.034767518395029,-0.059347295436526,0.114851297910107,0.093204833683934,-0.016866795369902,-0.143902258095211,0.148039367319552,-0.075160150434591,Republic of the Congo,40.000000000000000,4145.000000000000000,COG
0000000000000000001b,-0.007076716843874,-0.046603796804498,0.112967531689304,-0.052889947033856,-0.111871451383081,0.023445911158875,0.101158206486684,0.021161494163686,-0.063555244020689,0.171937958809831,0.053878629616802,0.043228359987006,-0.283111399573267,0.052965728374004,-0.022689465877852,0.096590539044150,-0.033604424795013,0.043026236078704,-0.135423123202353,0.001230759779713,-0.223866724700120,0.242193572283814,0.064532423266764,0.058208846971899,0.022242907243354,0.096898639597739,0.111161665814125,-0.098002618262181,-0.208007630425816,0.167466341782413,0.043997321761062,0.016039417798652,-0.038867241304222,0.017799110916967,0.011602086926485,0.068958246349066,-0.067753721403629,0.015211512264861,0.107544445919668,-0.071364740760950,0.082745868896220,-0.096809150680185,-0.089097610412367,0.302644593566760,-0.123165200295439,0.024198217606821,-0.066513455164422,0.021490205862015,-0.084385023130096,0.034517866576171,0.049210805308964,-0.046932795947577,0.028628004087616,0.005164060017810,0.151817057744011,0.059881593971585,-0.021877553625556,-0.007859387654710,-0.061501694901139,-0.178618928415730,0.009910945169667,-0.036617842086798,0.058385915748444,0.039857689881343,Cambodia,101.000000000000000,4218.000000000000000,KHM
0000000000000000009b,-0.052373196821033,-0.100064073388273,-0.180957976154859,-0.180207900595016,-0.072687477521053,0.020756230437900,0.124801148747473,0.114254624865551,0.021661666890076,0.132403350762641,0.101599657360106,-0.025117252057955,-0.072867664515313,-0.128896675417847,0.077384259053972,0.007890150003491,-0.008483519119656,-0.071650326542546,-0.000083405155534,0.047388426525506,0.119616948714276,0.236900586351182,-0.108498348046903,0.159657197009274,-0.118214723831532,-0.214051115660842,-0.003699173454311,-0.154678453152812,0.091759219022970,-0.084050125865116,-0.117589001680750,0.386243406501086,-0.058546673387628,-0.005465689375054,-0.096375645316742,0.011839451939267,0.175880403590651,-0.025909262608980,0.039077238554871,0.098320372038152,0.024305251234994,-0.269129332798511,0.158035234077515,0.072980125425093,-0.051863765644370,0.089331118610181,-0.114392599603504,0.060156819932101,-0.081536771862618,0.030935633546566,0.083526942881855,0.118620716088156,-0.216323803533873,0.087252600592280,0.066121184227896,-0.050094485227222,0.009006101361810,0.052574556541444,-0.008488980155326,0.001976343100643,0.164314131194314,-0.202519819444678,0.054573627227571,0.108382192987061,Tuvalu,196.000000000000000,4281.000000000000000,TUV
0000000000000000008f,0.015899674871414,0.023283516148812,0.153557327525327,0.001193527340557,-0.127470403147694,0.005809643745443,-0.100596703610936,0.106489848028109,-0.158463605205576,0.044547553619935,0.025782953143274,0.032319779162060,-0.250266227228811,-0.064990754422203,0.077895906526975,0.137058388988138,-0.061624928014626,0.021661784333736,0.024359824927866,0.102381121650967,-0.018406121959470,-0.155743887174012,-0.013809986841604,0.049531637996227,-0.061335636083261,-0.112068260850446,0.150776551936148,-0.033087410147498,-0.002738050998163,-0.029598724079131,-0.010351308914230,0.021102813080022,-0.040384797592534,-0.076876982349913,-0.103525624992392,-0.096659338921143,-0.088410425779921,0.162964826149420,0.216460308736529,-0.111104972663891,0.189517514029964,-0.026532921311076,-0.019484893365727,-0.009133612721868,-0.155785231097945,0.033106896259461,-0.100390927517756,-0.112255753946610,-0.072899173883879,-0.086832237706845,0.050270993239952,0.086909913790329,0.020634294932507,-0.001150892886687,0.177695610102767,-0.022470030830243,0.104378132228277,0.062166561633967,-0.120602656290671,-0.033593531560954,-0.140809900834862,0.027981389422444,-0.003067329472184,-0.002295071017364,Sudan,166.000000000000000,4349.000000000000000,SDN
"00000000000000000052",0.063772678758278,0.126361941331873,-0.045783947009959,-0.060379604602762,-0.062845617099220,0.053560715524228,-0.031813946286612,0.149947762010735,-0.108033810659294,-0.099244725865659,-0.071134832857563,-0.008106778081217,-0.109564578255154,-0.020606152535072,-0.091039658909569,-0.045561724459124,0.045512463471573,0.067239228520124,0.033687003363865,0.067007976470848,0.087266580319165,0.045809220126600,0.038960793504814,0.152026928408838,-0.033290460548467,-0.043501861794276,0.049037792848361,0.046781395898808,-0.086950514166651,0.081391482258694,-0.207833495846362,0.015804433384028,-0.099432753263166,-0.158075706095687,0.010173915530077,0.001875344589302,-0.048787625151229,-0.017491699748401,0.067044670287906,0.186937711372708,0.077504454580780,-0.149716097116117,-0.123205815219320,0.011219457856026,-0.144589433499009,-0.157800199100141,0.003766196650067,0.034430069142828,-0.026586263832856,-0.055783551433537,0.052090670187069,0.067000237575516,-0.029951230040928,0.236112121414211,0.010516219326942,0.029704053446582,0.165058308807102,-0.010415805759863,-0.247517823611354,-0.016079638912919,-0.066634637700537,0.035573199778100,0.035955067334162,-0.048187986791822,Kenya,99.000000000000000,4465.000000000000000,KEN
0000000000000000002b,0.058214998916247,0.125550516148275,-0.004204215839232,-0.019448551842215,-0.182017308141507,-0.047331501154329,-0.002528194141428,0.015524837904440,-0.202573542826082,-0.025809206071062,0.211414958907719,0.178371064978150,-0.271140219333225,0.001570287604999,0.038589447310187,0.106198425078058,0.153782108826424,0.126276400336687,0.009491250570281,0.091275561667792,0.063561910542635,0.075489463326187,-0.038161678315632,0.062593876115499,-0.126252909820093,-0.132010193848701,-0.163090770589447,-0.109447281205742,0.156761347026733,0.094707758001936,0.082824897581214,0.124571687261355,-0.044550862352610,-0.189822343663659,-0.097409758161041,0.096674394815481,-0.068389682249432,0.018419047078086,0.016772355162415,0.111564732548470,0.076718921631575,-0.084769596112939,-0.077872550928217,-0.048764330379392,-0.077844516870253,-0.185773690948974,-0.049690998277676,0.159746682617392,-0.033383073191197,0.031616894304599,0.022434998255896,0.113364552599737,0.077034970077719,0.053589278251248,0.141831784502665,0.141109237071373,0.079545513552377,0.015768027663726,-0.130935244015332,-0.032172907054073,-0.025964840676326,-0.084992387802788,-0.084105661206092,-0.023668565217060,Djibouti,50.000000000000000,4589.000000000000000,DJI
"00000000000000000069",0.064909936548214,-0.079158384328219,0.138201290282876,-0.055002211373344,0.000954747967943,0.004715924057483,-0.043103843115007,0.107422406324953,-0.031792544596331,0.155815124386771,0.039030150191536,-0.004655249140634,-0.305412593227608,0.006592873459771,-0.029965124533996,0.029053260044092,-0.052191667961794,0.089088821856828,-0.146253443659201,-0.077714299789373,-0.193034803853696,0.158832502167754,0.110395957960299,-0.052271936200359,0.051981412966929,-0.023210606706746,0.095197958073636,-0.043395276009379,-0.177045173578133,0.109106362845473,0.034802607176129,0.087324832208813,0.031138149594413,-0.048338815064063,-0.105940626759807,-0.004356297808006,-0.108561531661586,-0.037328328583328,0.089244935864583,-0.062779984043113,0.098703422155959,-0.015002786967044,-0.128740045800405,0.266172737991633,0.012054234041804,0.053039698291804,-0.087765173905547,0.114585848883868,-0.065073265823496,0.096138908071853,0.024219351131726,-0.038968189105436,0.021776049566192,-0.018843548532328,0.145251562071257,-0.001177375299861,0.005246655393869,-0.027376795480521,-0.164468438988553,-0.218828453866359,0.083901676826244,-0.097481797479565,0.024646354165965,0.019742924675061,Myanmar,128.000000000000000,4927.000000000000000,MMR
"00000000000000000027",0.080945612010370,0.020196101924125,0.116243626234462,-0.020731131770576,-0.012007829647129,-0.040220048246118,-0.017465430359813,0.122899621201233,-0.075310347358921,-0.040293467167403,0.001043894032955,0.047600780232702,-0.181863110306866,0.029248836524343,-0.047637644492759,0.005608527048483,-0.007096776080151,0.059282248969738,-0.138290744524635,0.157390006853834,-0.262329072755974,0.177447640349174,0.140104091762377,0.136409796849409,-0.015324216623927,0.065110763870281,0.155400391494989,-0.074842693533508,-0.246197529785402,0.245812068519718,-0.089410269869448,0.012693155867275,-0.139021933345630,0.041693009312144,0.144913412714464,-0.058066744796132,-0.155490060857251,0.012401321021444,0.076597004149048,-0.042174704804624,0.119033530398580,-0.081755489169713,-0.092370273153362,0.288745724968109,-0.075284336278467,-0.044198442846841,-0.081708107377174,-0.003816365987030,-0.099532393861641,-0.029585744035472,0.070401711233690,-0.013843790448619,-0.076499871108464,-0.001093426643366,0.164929129648458,0.093074309833123,0.011478787532766,-0.015225887951128,-0.097521436627616,0.043474255162802,-0.231698490305193,0.044459184405937,0.115603130375444,0.144791877354208,Côte d'Ivoire,37.000000000000000,4942.000000000000000,CIV
"00000000000000000061",-0.011841428275911,-0.092124885026759,-0.163800299014676,-0.155646436190062,-0.071649623334901,0.006861241111314,0.154104589791279,0.103482808280196,0.011060059220768,0.123885658731218,0.159098728667726,-0.015417203841775,-0.125821852534187,-0.137582109337573,0.085691278265974,-0.004630513984025,0.039873344513351,-0.053797375130917,-0.025474463147914,0.016066829592850,0.135678071387134,0.234615708391345,-0.077967646233546,0.131231695994218,-0.106067548315819,-0.233551804760914,0.040184844358606,-0.150861264525024,0.072671115498186,-0.036792410392383,-0.107363939014515,0.424673903610678,-0.033620480407626,-0.002487208432226,-0.104244013291913,0.014919066046841,0.173277393167343,-0.004931352741083,0.057876301467933,0.055130123749123,0.078400668278256,-0.322180411542004,0.127051577642189,0.073762285672097,-0.096626596869179,0.063005035843363,-0.111957871939621,0.064664592527278,-0.058310585554853,0.042467712195294,0.053731895850040,0.110963200420230,-0.191713007308673,0.057813752010518,0.077353428921805,-0.076533923885581,-0.039073458490033,0.070986691853736,0.000920405422745,-0.034693911226136,0.147874611999419,-0.200908999430432,0.032247463279729,0.170892218301217,Marshall Islands,124.000000000000000,5040.000000000000000,MHL
"00000000000000000070",0.040932757882135,-0.002822737430157,0.188205049261012,-0.015088482134842,-0.091746492570573,-0.016392875120212,-0.041106159766120,0.086219015068964,-0.104876794142511,-0.020836771495003,-0.009721139562567,0.010473863436660,-0.218071759826152,0.041552428509492,0.002725301185769,0.119091153754574,-0.052167230423441,0.094056861454141,-0.113503327600489,0.148712068692270,-0.177519195638399,0.106678926021116,0.152981457705110,0.119927424902597,0.048965885549043,0.020366237462009,0.150533577109188,-0.061662742834318,-0.194949218292544,0.136719889184970,-0.055575397253556,0.063327094673880,-0.175037931498378,-0.010635233079629,0.069381288978445,-0.065651167998578,-0.188938324781265,0.111179537777546,0.181518496524257,-0.022188520907112,0.109571091788666,-0.067499595386821,-0.158028286225612,0.173891873089325,-0.067485729028845,0.058787527204389,-0.026497803931828,0.004902860074396,-0.115980454044142,-0.038181222433384,0.159433359802987,0.111716609896732,-0.056028828949338,-0.053258336944191,0.167964074031134,0.076100504931278,0.050853216672237,0.035764131864556,-0.158948715122967,-0.071578187783106,-0.188965859650888,0.056649335169633,0.076116402383125,0.146178293769825,Nigeria,140.000000000000000,5090.000000000000000,NGA
"00000000000000000074",0.097796506463213,0.003778865895608,0.063187509177462,0.036439890530289,-0.021008133252052,0.003018264807869,0.012507542806449,0.101859465237512,-0.238731997004119,0.090299951205316,0.145737630423697,0.065918507772187,-0.218090829417264,-0.053907784336766,0.048388994080195,0.014808536565960,-0.041894826285566,0.093480755928778,0.051309576673544,-0.067146877614518,-0.055194970570501,-0.033690241597192,-0.079535066269443,-0.069514520341286,-0.073754778972655,0.029531142445731,-0.033638578660958,-0.022744591891496,0.089568452725833,0.052074037130185,0.119154939747329,0.046184319555231,0.075801873750537,-0.100657753175935,-0.060623697369159,0.094352722481935,-0.087555083993874,0.011615567243632,-0.054064553195110,0.046187085012278,0.167475078909091,-0.006120077237413,-0.018035849792298,-0.120238658885978,0.024657670942640,0.053863571623818,0.023334409298464,0.090095801820935,-0.082775350888478,0.005635550611598,-0.015505712993009,0.068663785097439,0.046613814023250,-0.054034290835784,0.187225027937489,0.029098726317475,-0.038399819983450,-0.025630288415662,-0.098074733201934,-0.079875721342165,-0.022451152506272,-0.039960949603096,-0.046995433618693,0.028604742813891,Pakistan,148.000000000000000,5113.000000000000000,PAK
0000000000000000000c,0.052833230320065,-0.115754700299958,0.136543616184130,-0.040295671974480,-0.018112957057177,0.104057769295785,-0.014762439854535,0.024039188086168,-0.099288234990370,0.248036736973218,0.127780032496427,0.013903096820771,-0.294852634868850,-0.076641133389692,-0.009445522079746,0.105982085172279,-0.171682591135297,-0.037216310079514,-0.138795482186239,-0.034556195678131,-0.192049442240719,0.266170472364559,-0.035935273045321,0.019779188799734,0.062994630803543,0.163650226052844,0.025877453866134,-0.031598452466688,-0.078742009135951,0.124100703940947,0.067128809810464,0.041757695874092,-0.036793906977199,-0.006792382170395,0.084015587380846,0.171873610225069,-0.132348769786840,-0.021806939034141,0.132202551805972,0.041467116312616,0.033316649872743,0.109579418757263,-0.080961983867085,0.227836078493328,0.004958528594673,0.060412713862835,-0.016083203092015,0.150859466005980,-0.082355845190892,0.142416398218976,0.008273910967147,0.072474134193311,-0.021795206132493,-0.058590315942480,0.225293611928472,-0.135338183542991,-0.022742226864406,-0.029666148957218,-0.092202135179115,-0.037437825560315,0.006727173194484,-0.104264667390463,0.011964713585747,0.128715696156573,Bangladesh,18.000000000000000,5124.000000000000000,BGD
0000000000000000003b,0.064182697412018,0.021125364748976,0.132966410735139,-0.005136453687005,-0.045449176519649,-0.047741700863020,-0.038684585164135,0.114452326762816,-0.092199153341726,-0.037464646246457,0.028991175966142,0.054965202445831,-0.216939171863152,0.059875412537672,-0.041122364206410,0.060777628220856,-0.022660558321253,0.066688080963322,-0.139124429365350,0.144384211838964,-0.211010425451405,0.176639240579474,0.143243425492491,0.156180821336273,0.022795102268954,0.064292816393029,0.129855425472898,-0.077996913353342,-0.211817053574858,0.221978390725884,-0.089790652022533,0.058706343460178,-0.161421041695457,0.027719119455533,0.133325257068627,-0.040366889263576,-0.153545341579498,0.075556677093944,0.123682625350919,-0.003716167636533,0.086390983667405,-0.091102720807082,-0.090721532785358,0.222641717499640,-0.070484306204235,-0.029408823597538,-0.026264972882898,0.017807563934736,-0.085350209615050,-0.006410909916279,0.124359075477990,0.056259533954296,-0.081241332904805,-0.018184004288005,0.165093589562899,0.076616797648391,0.009035446866351,-0.005094921945280,-0.113086300522207,0.042699073698895,-0.194116637661537,0.080252691575418,0.102361227600446,0.161748785452764,Ghana,69.000000000000000,5125.000000000000000,GHA
"00000000000000000056",-0.045809910937549,-0.126679285053501,-0.052081651298643,-0.148480363123896,0.040793616623530,0.051880504649558,0.062444480826168,0.143113829013168,-0.045691565272054,0.139290440157640,-0.039196738074598,-0.065595505421698,-0.014150972422348,-0.063776775736267,-0.190172170894532,0.045209379749699,-0.018809952856543,0.033672969346902,-0.009251320674139,-0.114613772037983,0.037959908218054,-0.035207021081234,0.057582141656478,-0.102805969595194,0.004893113782971,0.007614926673291,-0.027410777295720,-0.024410421232294,0.059480689933886,0.077226895966034,0.050249855561103,0.112179732981021,0.113006439970906,-0.028563385281038,0.030873274752947,0.030314648496274,0.025692044359149,0.046040032857816,-0.108179910940263,0.039586406302926,-0.021357856967589,0.064808787002322,-0.087763102141618,-0.198393949441409,0.055074525305892,0.130203133681148,0.014586721320949,-0.041813859327884,-0.132297305268150,-0.083461477689322,0.081448433633160,-0.026010592393469,0.005972106373817,0.108297534009445,0.235458924413328,0.037272232487211,-0.222744689330717,-0.168726229712018,-0.157598501523314,0.075252384642998,-0.067288687595982,0.034543235640250,-0.093487841002980,0.065629767473075,Kyrgyzstan,100.000000000000000,5133.000000000000000,KGZ
"00000000000000000062",-0.002820442095641,0.029889830884527,0.154562659966357,-0.032391565668606,-0.125075178662306,0.008172659788311,-0.090591100808234,0.114846938481913,-0.158289882590399,0.139934550375838,-0.008381564268107,0.027305199959779,-0.247340118368184,-0.125481509058569,0.093861269799208,0.112087677834364,-0.086145643413264,-0.025734251610855,0.063501298240519,0.070831650629930,0.019539564007953,-0.289212813983576,-0.131140333647157,0.007405705052742,-0.018683606668610,-0.120659364555594,0.182035412004390,-0.011976494552998,0.007899353117545,-0.088961988285450,0.010520502794871,0.005952258545580,0.036078004402365,-0.030982001901796,-0.189954631088136,-0.131612963662357,-0.085071098074961,0.216697878560375,0.221511948549074,-0.116325617722322,0.212684405980778,-0.000748929151160,0.063669177124259,-0.048753504454393,-0.170573359855261,0.059609900956455,-0.106022671273702,-0.203700329740822,-0.034657420250921,-0.073485892880385,0.018477915035020,0.056302135545425,0.001577847606355,-0.013614859934067,0.169680010115303,-0.161998838328050,0.150809499309419,0.121250323828863,-0.004836579234962,0.063988925425577,-0.169624534680316,0.027232459851642,-0.056879799635906,-0.032563243923555,Mauritania,133.000000000000000,5367.000000000000000,MRT
"00000000000000000043",0.027938582597305,-0.072243098687987,0.049026617346698,-0.089815679496464,-0.045918577862285,-0.080647556149233,0.100482136156786,0.074882552980663,-0.018744478629846,0.038763999246776,0.032236112654768,0.030490537292984,-0.222439864440621,0.048304739651753,-0.007802696416109,-0.025040196519501,-0.006917875363986,0.049229634906485,-0.173135776185431,-0.025637100443568,-0.204990128649067,0.112400574758920,-0.005662499852386,-0.083306129560351,-0.084689163258306,0.020343440349130,0.143894327598062,-0.074507849992175,-0.205041392560135,0.137500940972284,0.026006425875421,-0.008531651995553,0.029682945438551,0.024687134656436,-0.099489606823562,-0.012536812004177,0.066646446263922,-0.080898204513393,-0.061312027108896,-0.079359265610949,0.082699885258299,-0.195347571327670,-0.046464703651062,0.198873677532874,-0.120929334934681,-0.020678796393045,-0.171447059667307,0.029033181740765,-0.064647108842257,-0.032285891866441,0.023684969206648,-0.138920050719753,0.059366675134150,0.082910861030251,0.073670432573140,0.026312787472630,0.052642722628587,-0.009513908384645,-0.110797547657285,-0.273254677443443,0.083804095169974,-0.127025338235391,-0.009140353988466,-0.082454214887596,Honduras,82.000000000000000,5561.000000000000000,HND
0000000000000000006e,-0.007485593082708,-0.022509260585265,0.036959934971175,-0.130901175126124,-0.119392538262669,0.006049419659600,0.208917856731377,0.069064809904400,-0.035028340482844,0.077931318626437,0.042862604092192,0.073606299315338,-0.140539317382238,0.045160705697393,-0.031236930953315,0.030876610727587,0.002634208556964,0.044931338347794,-0.122710943802952,0.004655587285029,-0.205880479142930,0.190610829929544,0.010716248879173,-0.027204067778066,-0.090082798987387,0.043888857946021,0.155972200316882,-0.102314570431822,-0.209845446759544,0.170307235155453,0.041268885262410,0.008241232486806,-0.001940451664554,0.044517151228426,-0.061741600756677,0.023281974987542,0.068369373166569,-0.081428461954918,-0.087264164008955,-0.065447426820958,0.146029112195520,-0.181433393150245,0.044416695676912,0.217118941083164,-0.134259634291235,0.008538853439034,-0.140787560648786,-0.049228652524447,-0.039411569052256,0.012594273406845,0.001565247233667,-0.134899219242743,0.003022686086096,0.068797999877839,0.095039051325262,0.046842229862755,0.066107546538212,0.023215631034007,-0.082118821204619,-0.181708570718991,0.051970864187897,-0.109402861763595,-0.022712229620020,-0.047013395630562,Nicaragua,141.000000000000000,5637.000000000000000,NIC
"00000000000000000081",0.051284303755224,0.025626856246246,-0.107609683340665,-0.208478868189694,-0.029890624098181,-0.026930802363842,0.116929526713356,0.136209957332360,0.077543063587539,0.029200504301714,-0.041177465334545,0.101486390791389,0.010948140537461,-0.010555465997232,-0.021412140599031,0.009330256255669,-0.113129976508693,-0.098644589638568,-0.006578963797807,0.044703045402505,-0.002412382553368,0.109434839613370,-0.099408780075944,0.105562677851673,-0.191217382133568,-0.088274587250655,-0.020432927453935,-0.003100908233260,-0.011097223444634,-0.121492010770521,-0.072069254250232,0.166425421608394,-0.092173773620051,0.030810402235139,-0.008880325748696,-0.005100814586857,0.132503238054767,-0.075819351656502,-0.103136269164504,0.058244357408725,0.104171285748913,-0.205860127393373,0.169030495123566,0.069086192627524,0.008772744075731,0.024183955775037,-0.069058514527624,0.028315307348474,0.031644468340928,0.047784195368866,0.045455859159758,-0.055059017852877,-0.224894411368454,0.099608677920115,0.093509161235925,-0.078178657650324,0.039018480901291,-0.053000829874599,-0.021005922499238,0.093854692747623,0.128492230195843,-0.114235663842860,0.026909526305374,-0.100036116073338,Samoa,210.000000000000000,6140.000000000000000,WSM
000000000000000000b2,-0.036817401962244,-0.056379751275699,-0.186699777042472,-0.183305892469647,-0.090647423160386,-0.009361039888989,0.124550506205438,0.146642606854143,0.044660923556215,0.116739256949450,0.078931888274483,-0.030115903888773,-0.033249539476205,-0.067660782291318,0.060469613883502,0.011542406920761,-0.053791781708580,-0.084326284380832,-0.000297529349598,0.066571880642116,0.098701364585266,0.258453115642937,-0.143917499584251,0.148596659366618,-0.167872595796527,-0.195176626133753,-0.020765932591306,-0.110781889873026,0.066818456136059,-0.131670428729034,-0.113367555449158,0.291968455389917,-0.010076843526160,-0.013619659517271,-0.081324140454252,0.029413851509973,0.132349821099885,0.012022191689948,0.014369254633023,0.075170073161391,-0.024663870408736,-0.206982505163502,0.175986115148335,0.073195772524797,-0.010022403178607,0.017282704452329,-0.128859537072437,0.032633987266729,-0.075230042550182,0.051858564250294,0.109667249591624,0.075116083593415,-0.229866792621054,0.072262346800626,0.013700911995800,-0.082907782934449,-0.003703970477715,0.002938707721155,-0.009841122297637,0.026693924147547,0.136598923796895,-0.195663320657325,0.023817304730239,0.089473357741871,Tonga,192.000000000000000,6288.000000000000000,TON
000000000000000000dd,0.118178160435641,0.089363761565980,0.016981489053047,0.030568801055439,-0.016492441616104,0.036234680137604,0.166973253562191,0.090636497500136,-0.132677325227557,-0.069975817829502,0.017690767534140,-0.041971490189413,-0.276528568170942,-0.088766024055303,0.063003149295199,-0.003306950567506,-0.010563822298178,0.095716960219451,-0.037328020150565,-0.010756689452714,0.089390712883836,-0.114855956462133,-0.015628224201818,0.051896757241317,-0.007598841241518,0.108717486289589,-0.011803293067227,0.051118549982614,0.195640963705379,0.107446766217963,0.187946698597541,-0.025240821991956,0.198399087367835,-0.021035149932826,-0.100523305827295,0.009409522713207,-0.047210119559183,-0.007691309351530,-0.208101052617031,0.171221279082686,0.204969256809898,-0.198101624988291,-0.010960002251364,-0.125368337254680,-0.002758443533139,0.133060460000661,0.023319411274866,0.053596815429688,-0.107345598318341,0.029666246312924,-0.094496479342871,0.107615287638387,0.007108899489614,-0.060103450868346,0.086025677548618,-0.185408693118904,0.028222879733264,0.047047046303490,-0.049672098091933,-0.046369483717238,0.043066472520203,-0.137500092186757,-0.018492379593714,0.003161593296843,Palestine,159.000000000000000,6318.000000000000000,PSE
"00000000000000000047",0.029819426199191,-0.123214995895220,0.150281965018034,-0.004211098197933,-0.067336920948223,0.019972551328642,0.002884849044553,0.114856643190754,-0.129760007725243,0.060017250532827,0.101705824183674,0.045307705517788,-0.300435950330328,0.003710101008866,0.042323010035674,0.101513644512275,-0.093388003129113,0.057175717680431,-0.114832448434188,-0.095232636716163,-0.176543086851065,0.196413857288537,0.123074133284605,0.000963734411939,0.028697508303470,0.060367640087080,0.072115092418358,-0.010800127414643,-0.073045400173806,0.099010305164834,0.056969173294986,0.037961793651700,0.017478804650204,-0.078046194886185,0.044161121874873,0.081502940098421,-0.127882372487908,-0.001772267624007,0.109662973199902,-0.028312373302701,0.084914816048079,-0.026996951657698,-0.175741066594654,0.134380628189154,0.007131627351707,0.081067728695761,-0.007548942258204,0.100365014363287,-0.170300414463683,0.001963096546861,0.017231915989821,0.131934218704942,0.008006285430992,-0.054012665305995,0.155298105842065,-0.043872405958894,-0.003826071064277,0.009802272221474,-0.172202383813158,-0.129760450827565,0.042838578891651,-0.010091942892611,0.054978441219952,0.054265058923232,India,88.000000000000000,6436.000000000000000,IND
000000000000000000de,0.000000000000000,0.000000000000000,0.000000000000000,0.000000000000000,0.000000000000000,0.000000000000000,0.000000000000000,0.000000000000000,0.000000000000000,0.000000000000000,0.000000000000000,0.000000000000000,0.000000000000000,0.000000000000000,0.000000000000000,0.000000000000000,0.000000000000000,0.000000000000000,0.000000000000000,0.000000000000000,0.000000000000000,0.000000000000000,0.000000000000000,0.000000000000000,0.000000000000000,0.000000000000000,0.000000000000000,0.000000000000000,0.000000000000000,0.000000000000000,0.000000000000000,0.000000000000000,0.000000000000000,0.000000000000000,0.000000000000000,0.000000000000000,0.000000000000000,0.000000000000000,0.000000000000000,0.000000000000000,0.000000000000000,0.000000000000000,0.000000000000000,0.000000000000000,0.000000000000000,0.000000000000000,0.000000000000000,0.000000000000000,0.000000000000000,0.000000000000000,0.000000000000000,0.000000000000000,0.000000000000000,0.000000000000000,0.000000000000000,0.000000000000000,0.000000000000000,0.000000000000000,0.000000000000000,0.000000000000000,0.000000000000000,0.000000000000000,0.000000000000000,0.000000000000000,Tokelau,932.000000000000000,6478.000000000000000,TKL
"00000000000000000002",0.150603353311572,0.123083857776806,-0.204651028872020,-0.074779849684327,0.095728173672572,0.128240632003333,-0.028617932707633,0.231925676448745,-0.017356740113347,-0.042562715679688,0.037473807510734,-0.034908722623805,-0.048851020452859,-0.093935344461497,-0.013129599326185,-0.077915234683259,-0.096210400239645,-0.012119596030046,0.014811749276776,-0.084886204488057,0.113929129548782,0.021314333280983,-0.118224939268998,0.153875511310765,-0.127980131570241,0.067951138663145,0.082428901007014,0.251952816846392,0.083502471815857,-0.095577381407911,-0.176290060345719,-0.003588405657554,0.040129408340060,-0.141322295789669,-0.049898015602542,-0.027059782008129,-0.083605839150986,0.042616581023372,-0.047201343100461,0.085095598353585,-0.084696035848698,0.103051020829723,-0.061502025619636,0.147548229361989,0.131523760608656,-0.168264388578595,-0.139597070523657,-0.043741078359908,-0.088015052624290,-0.042958075534988,0.073539628298056,0.077057572580648,-0.104994660541919,0.204058716988462,-0.005958606650533,0.029748536571273,0.010338362200674,-0.060231808419468,-0.047084935479962,0.051511183132841,0.149839792745927,-0.076402402135074,-0.012611800919468,-0.300420971593995,Angola,3.000000000000000,6879.000000000000000,AGO
000000000000000000a2,0.199441693999172,0.089162194894019,0.062189629309911,-0.057335148655697,0.146075982841977,0.136818388168164,-0.008161260919885,0.076939144846208,-0.109168357306179,0.090033942375707,0.072450364060537,-0.101555099819924,-0.196943968400692,-0.073188788792300,-0.101890468380792,0.039772855497578,-0.052024956116682,0.033794682987946,0.103803494117573,-0.086246413296236,-0.072513067374285,-0.070618844138278,-0.126057398463518,-0.011144367716539,-0.008850970613478,0.149292145181863,0.118296748487067,-0.082593143767126,0.133139575927619,0.045750142236132,0.065280010941422,0.006894643685103,0.221002478453302,-0.174274225912396,-0.108974693500215,0.050067475381647,-0.027164774612095,0.120154090586666,-0.036689483145809,0.010111276118246,0.107341706237840,-0.123334085620363,0.144193908811840,-0.264030309364587,0.053010074055153,0.077606974830040,0.032434973430238,-0.073881103012861,0.009111409020754,-0.107478326017477,0.017614700906282,-0.082630996997910,0.080245931200393,-0.158387476609304,0.055679198629061,-0.055491348866732,0.055272858224049,-0.100268386576891,-0.056616820944795,0.097338559186401,0.025454501055050,-0.048972173899888,-0.115568340215988,0.047070381758641,Uzbekistan,203.000000000000000,7118.000000000000000,UZB
0000000000000000001a,0.004936269241852,-0.019458731091015,-0.111688724283739,-0.110574338967485,-0.162793902104573,-0.028615835801602,0.075336940620968,0.124856678149096,-0.065141606559501,0.032689695529015,0.181412055504355,0.119904662219778,-0.140860637656314,-0.073163380185241,0.042474691126573,0.041533476197191,0.113780288551609,0.101804504914085,-0.064674874257505,0.082599447040362,0.098642618870867,0.110497205758877,-0.040211224935810,0.072213984649199,-0.114869898488448,-0.151068668749958,-0.022015959483665,-0.077784591188193,0.054154050776853,0.085036834629706,-0.023879466444696,0.265954791286840,-0.072061810873596,-0.063748883612026,-0.059333926640434,0.080586528331493,0.104475520153286,-0.008865863422772,-0.000418559954081,0.119905769328282,0.165528879639284,-0.295601491861883,0.012972893795915,-0.002792693112662,-0.076529608976896,-0.056054112293434,-0.081433044798325,0.082579429030395,-0.042612395845650,0.013625547443586,0.003414381390995,0.110155798761979,0.004719528519170,0.083363196607348,0.062939313305365,-0.090632897081744,0.012694725159305,0.030234928967417,-0.126678118495318,-0.037199568989687,0.107653832285874,-0.172337324306531,0.006933362353836,0.115994436071733,Cabo Verde,43.000000000000000,7314.000000000000000,CPV
"00000000000000000057",0.052666512307449,-0.034193986323371,0.158126245552648,0.011060358042997,0.045764753426801,-0.044924240512755,-0.123096898238714,0.114037543524402,0.000284733713151,0.135777339627393,-0.008493555338364,0.003965147315079,-0.316268099822129,0.040769350073078,-0.094999828374724,-0.048541587833644,-0.013639145668937,0.055134017886411,-0.158670060550082,-0.077650447348110,-0.232638521921390,0.127325585995267,0.091756095149653,-0.086691361923581,0.003297897770355,-0.016593762180930,0.127298434932103,-0.069628638406195,-0.204047439161001,0.125523485298575,0.025433406731896,0.068811098434820,0.051714838189643,-0.021833025936758,-0.153751339721345,-0.051485389137128,-0.115636558726203,-0.068063008118002,0.035967408848419,-0.106586983045348,0.085049828468030,-0.041053474449014,-0.127135801579347,0.287546217996909,-0.029955193821586,0.018721852562946,-0.113245246368384,0.107927257136197,-0.052241217976445,0.064671123394910,0.025632553578752,-0.137791046170176,0.062193914875482,-0.011897164187298,0.130293124844801,0.002128153069516,-0.024769442908642,-0.048107235026381,-0.164858744496806,-0.237181969192699,0.031626898089813,-0.168199970909821,0.049114278566832,0.008387631550840,Laos,106.000000000000000,7546.000000000000000,LAO
"00000000000000000067",0.083953542985040,0.123975125067233,0.028755025316592,-0.037827029530106,-0.063386794405623,0.039226127077677,0.061703269487189,0.062396684225027,-0.045341839298259,-0.006604534770154,0.023473661792773,-0.087222478099386,-0.244037713396451,-0.081633048475792,0.094244344879538,0.031952411300791,-0.035784105555928,0.130963933485704,0.009583988923296,0.008878119020411,0.054345727671241,-0.158858169288629,0.006159720692184,0.059175156142736,-0.075051314573186,0.000397652996831,-0.033487684220826,-0.009344413525821,0.155655970751737,0.051094781682012,0.155191454996944,0.010367708401770,0.175643888836389,-0.091816677531359,-0.089505226569749,-0.060430138619185,0.003143654332204,0.037214147587023,-0.100622522171182,0.072209207030431,0.196548374234327,-0.154182152059751,0.005740628117279,-0.140023430273981,-0.046629416317353,0.053288687034036,-0.012298091720704,-0.053015109807957,-0.098726132853636,-0.051095649169867,-0.095886252617949,0.030851831313235,0.106591926563965,0.004069668400043,0.122294551592622,-0.089578120547869,-0.040165992076504,-0.012275164258095,-0.060949443739800,-0.077747613087582,-0.030486853577932,-0.075040725036500,0.034406723146927,-0.019033984022427,Morocco,118.000000000000000,8072.000000000000000,MAR
"00000000000000000032",0.104834033037005,0.049947354144354,-0.102753623577549,-0.010105491120166,-0.038850620788817,-0.043844612226690,0.099567936361689,0.354966466588019,-0.007711650145137,0.038752275536060,0.024782855053612,-0.034842123230032,0.021325485123445,0.011574121702937,0.072423753412812,0.018448128931656,-0.078982962845002,0.104669285981208,-0.086423541185693,-0.074888071585083,0.059973034516117,-0.013477049724403,-0.147775149540417,0.182998942829447,-0.129869581147414,0.106047906197693,-0.005417491093982,0.232825739628475,-0.071038767974388,-0.087685849970397,-0.138456451900499,-0.127060450053211,0.114153355395047,-0.201916085887212,-0.062477095015169,0.054809866300767,-0.010534671311403,0.041973796615871,-0.056007812459418,0.097461778819551,-0.177822867985018,-0.029718728618445,-0.074347350202958,0.138199446147946,0.226682030979032,-0.171219359173594,-0.144730565034023,-0.021388644111255,-0.115757368539480,-0.096222085055628,0.063672814117494,-0.008973049940325,-0.093271580873395,0.215824201941296,-0.097252830951102,-0.132247960771706,-0.014755245258189,-0.078643918804493,-0.028635888924455,-0.023049033922664,0.108447206884394,-0.012122390900631,-0.006249154042579,-0.236850320489635,Swaziland,181.000000000000000,8344.000000000000000,SWZ
"00000000000000000079",0.021697351628948,-0.014401690812132,0.005437931598354,-0.129374444213408,-0.019988233407610,0.000502739893195,0.108396680771924,0.091321893138450,0.065064259935995,0.030597608635596,-0.024910614615906,0.157365512085782,-0.123942377274209,0.009422738793722,-0.046641821055643,-0.037316877316168,-0.048152054883427,-0.008005061475433,-0.141977755691884,0.030874536495300,-0.102300446399499,0.091071810968132,-0.030616109259614,0.033119545405190,-0.142677940761641,-0.053937998261033,0.016982939839020,-0.063973154871900,-0.054164156708913,0.039569172744536,0.022054203013948,0.129310131839294,-0.056243336577456,0.046420075619576,-0.019112409248008,0.066465615782072,0.114548370664394,-0.093667392494566,-0.042256338716707,-0.003661951152793,0.167461566664501,-0.295229949489254,0.093605408572851,0.084815866935667,-0.123175550575242,0.000570831128763,-0.097159958029677,0.046854390880166,0.023927356716842,0.048874237689848,0.033339445028811,-0.071561558497511,-0.111980911355085,0.096488611189035,0.174272614135429,-0.012188065754703,0.008975400817276,-0.000543574932589,-0.079743417003815,0.041906820315747,0.116955176433138,-0.106498107749917,0.059763119280720,-0.081507016141178,Philippines,151.000000000000000,8366.000000000000000,PHL
"00000000000000000013",0.015533615696488,0.049390017426010,-0.117029730529989,-0.046916783176622,-0.040764764813014,0.019859867950834,0.042856495133638,0.136611450091991,-0.063390080701583,0.071869116158814,0.045190911710365,-0.019307439577072,-0.011062229904355,0.018570617955165,-0.031926188331325,-0.069804464738037,-0.142521407923839,-0.019398339752307,0.039950348440733,-0.078811939651921,0.078637716344245,-0.015521358168734,-0.075853554055395,0.171756897475713,-0.096191269411835,0.061689635547455,0.094440651498320,0.087672244672035,0.057623412730953,-0.109122533335736,0.003013009162941,-0.067918230631867,-0.003051170044267,-0.089954799517965,-0.118471506266724,-0.084447257791507,0.014244598892651,-0.024132331042824,-0.136576634837211,0.045243786649369,-0.107775092074386,0.137892695469103,-0.015299664559316,0.027404279344777,0.148298430631749,-0.068732043411893,-0.136027108879060,-0.010021312691953,-0.021271073642058,-0.037292931360842,0.053932581949769,-0.035553180302492,-0.087824638894834,0.197943330859763,0.011386988866246,0.045638147807054,-0.027058358104566,-0.086206896190469,0.043769225920112,-0.043440445590039,0.076346781615478,-0.071756657122881,-0.017024211991545,-0.229028566724081,Bolivia,26.000000000000000,8466.000000000000000,BOL
0000000000000000003e,0.009554648765946,-0.100523441641037,0.061601352615577,-0.070688905797351,-0.070242624176186,-0.094773463824375,0.093484912490306,0.086116085818721,-0.029402039958602,0.037610744233361,0.024048123824195,0.049774301501418,-0.225131510807094,0.049355326586270,0.011076090113966,-0.014512994680381,-0.020172746792662,0.049119108063419,-0.142785609273664,-0.067776647345047,-0.236329963631287,0.129398197864048,0.031564075116741,-0.077137912425223,-0.056636959198634,0.026787421512104,0.114467687426943,-0.074366111513220,-0.213857958986921,0.125666512541621,0.028092314667324,-0.043435913321120,0.060857988698573,0.011253919545577,-0.083732426922380,-0.027007409306619,0.043562138468677,-0.092396614421356,-0.032559649311234,-0.088172978305775,0.069767399890760,-0.174272652428957,-0.066613757858785,0.222466259594865,-0.103522328611073,-0.020202076198079,-0.145216452889036,0.031414483865983,-0.040259628557748,-0.016900993339664,0.031492685485743,-0.131547395927488,0.056875951556537,0.078981950350709,0.052339043940897,0.016843357178713,0.019186853839278,-0.018789169861311,-0.130758138924773,-0.270442510342897,0.057752038924779,-0.099293089634579,-0.042900532520212,-0.065198835027941,Guatemala,78.000000000000000,8469.000000000000000,GTM
"00000000000000000010",0.023730820612563,-0.065994139688420,-0.034595836794054,-0.114405701947949,-0.153522976362519,-0.037308681339356,0.154086233158572,0.059684047686186,-0.089776856801374,0.125611556146834,0.065318890972986,0.105055297633834,-0.183337850300063,0.024149705017634,-0.040936662266052,0.063108977582522,-0.027600595650028,0.002420951114600,-0.102492087904540,-0.022234599244069,-0.144411404006022,0.162782134025225,0.094224013357398,0.003477220841992,-0.066289678546690,0.044155829819317,0.126287486552007,-0.070682703215136,-0.161395102928105,0.172552677495152,0.064130336910171,-0.001639827158911,0.070097282525611,0.003840406235818,-0.098319278921889,0.007700793437696,0.091918169454337,-0.061737823921633,-0.049764304367971,-0.025360093517829,0.111905916417140,-0.162218088155797,0.103485354487352,0.206691432028395,-0.063834600176243,-0.011163663714586,-0.150899023307718,0.000215230483471,0.064968963831621,0.035560458842269,0.008527808002730,-0.157374786726453,0.016918882166905,0.063874578991268,0.019546150174460,-0.015496737822677,0.021218561653643,0.000582509733631,-0.084855844578891,-0.141879373075559,0.083682467220322,-0.164457255119250,-0.065282682731477,0.034001316305756,Belize,24.000000000000000,8720.000000000000000,BLZ
"00000000000000000030",-0.016082448824685,-0.145296954639096,0.128036546224882,-0.149690371975268,-0.122731598619382,-0.100395258702044,0.104389392732845,0.111248861670086,-0.017495782040982,0.008062834102958,-0.005208292542797,0.079877632510521,-0.231294288592504,0.008100139746150,-0.008754166501904,0.060924411177331,-0.023662741520884,0.051459699652102,-0.153126375874295,0.047108940275841,-0.232960252209444,0.129988910267435,0.089246199701312,-0.082384765160023,-0.034392721716979,-0.053415226192127,0.068555345058198,-0.031943939563049,-0.252257652654235,0.145011807787492,0.010239596906369,0.020593063757729,-0.004064349927031,0.012989547275367,0.003508611424051,-0.007538508281667,0.100718173474735,-0.044245390321269,0.081406278075320,-0.076906902824374,0.115266991339544,-0.256974402462423,-0.059347499257707,0.261509049255535,-0.104764364276756,0.007193288312226,-0.118286406190599,0.049535830912445,0.007760024150241,-0.053738609261986,0.092139455498704,-0.023786943941222,0.031426237351782,0.075364079739510,0.069676308816063,0.037688687160163,0.031754638399064,-0.048966653429620,-0.136012868932139,-0.273871279681871,0.087873469112484,-0.115198172115179,-0.007683529604282,-0.060652554347128,El Salvador,171.000000000000000,8813.000000000000000,SLV
"00000000000000000050",0.075962522092279,0.100703838583392,0.057502733668535,-0.034684876930022,-0.016258958619870,0.055742198867716,0.015733216131978,0.070360107414095,-0.093634045454989,0.105772584618176,0.100443689361376,-0.033645943095265,-0.341549551079560,-0.143186483132889,0.149154468657566,0.031388710915831,-0.047093868495423,0.060301014054653,0.117797079851380,-0.046057830131178,0.070505338610879,-0.217109990857330,-0.113599756343896,0.016993116026079,-0.089777702636930,-0.050156211785621,0.024167819834103,-0.065957378878915,0.100189356758609,-0.021145272739839,0.131436203092227,-0.098193151689399,0.228825334990980,-0.148651591259043,-0.166957626698457,-0.116512043313603,-0.035270159186693,0.125833699183118,-0.019270019142769,-0.078873351315113,0.204028393154752,-0.125377192777941,0.005091731355386,-0.126189093624184,-0.100136575013249,0.072161798098754,0.010372222141475,-0.098356467095359,-0.060106783381922,-0.004838673167869,-0.128915051036720,0.048493726544663,0.102617114121940,0.025132826552198,0.139874699364889,-0.074473846729261,-0.014112346152030,0.035958760600901,-0.013258602393874,0.030012044875808,-0.148168056915912,-0.021000717571092,-0.019496616597855,-0.094535775641195,Jordan,96.000000000000000,9585.000000000000000,JOR
000000000000000000a4,0.000223761565332,-0.024559101376888,0.089401334218061,0.025181133969629,-0.002428436754583,0.014730744618922,-0.034964942316987,0.096422994340015,-0.023976427741465,0.137445378447337,0.000287573026974,0.050451275927183,-0.287385512371835,0.058669225390138,-0.077643177639330,-0.051586863324189,-0.021475431408211,0.037941755933886,-0.170861434561658,-0.041124864214305,-0.235311125341003,0.187507717714923,-0.013194123985069,-0.039896942609549,-0.054140405159225,0.070138834500942,0.112817282972261,-0.100759568353683,-0.084753109242999,0.111849135479324,0.043591888722569,0.071989471128301,0.022650433467019,0.017016640745762,-0.057848710290712,0.031162023123226,-0.046028373744183,-0.068298327870381,0.030694061791433,0.000157745067390,0.063517953283999,-0.053154348430502,-0.045345616445282,0.211895153323366,-0.081363422656802,0.036619385338196,-0.057962504392870,0.097626235923266,-0.044184108593829,0.063825917748480,0.007380880477224,-0.105314616394427,0.000118810910829,0.032595959538531,0.164230212433495,-0.032394293278585,-0.041742646807630,-0.008035735473647,-0.125161131887515,-0.098931974677851,0.000898095467832,-0.156890027347059,0.049119681227269,-0.013501326580915,Vietnam,208.000000000000000,9636.000000000000000,VNM
"000000000000000000d0",-0.052265220351569,-0.065099882972097,-0.168411326444562,-0.188305472183942,-0.107205586399097,0.042892468462501,0.135844583007450,0.102348833860987,0.001733364484519,0.123676735777647,0.097120061627312,0.012852523571269,-0.051807980012612,-0.116171890555266,0.044436934406889,0.015820240078602,-0.001974197606457,-0.036795184293896,0.012427677652734,0.103428687253522,0.109322730679189,0.265039500301228,-0.111541865207132,0.090783691053369,-0.149853430155156,-0.181618869461589,-0.009253342291936,-0.102747329954871,0.077992173176684,-0.043361418271999,-0.048585588849704,0.341659285839729,-0.088504554981931,0.032614686729296,-0.041850612484699,0.058269188787612,0.115524620951423,-0.020269377593332,0.004895714725457,0.139297028841392,0.075053256397640,-0.272605424349644,0.115954442621432,0.057177524665604,-0.102073699275383,0.015651472376967,-0.061870426185841,0.032182727370694,-0.046856364730459,0.020790219793414,0.080902872466307,0.099424726200942,-0.199259129169657,0.129950581773005,0.061201768445079,-0.072361869893873,0.038859876446522,0.051055066401073,-0.038600797027347,0.066717376296655,0.141536988956623,-0.205135176632673,0.042763906182895,0.027446101680494,Nauru,145.000000000000000,9896.000000000000000,NRU
0000000000000000004a,0.148933729587770,0.093289086246869,0.051173578639277,0.010659679343856,0.037182245484381,0.066668566200597,0.088297888294120,0.089778941080549,-0.151645339548258,0.133905250014182,0.065870358627363,-0.002688497054952,-0.328165992168658,-0.088246256278430,0.095544186418701,0.038882242211692,-0.091672203248924,-0.027844679058072,0.086780046159825,-0.106885584310828,0.020864425498824,-0.227631618379965,-0.148071299103077,-0.006457324161335,-0.002916653263818,0.014797996837205,0.094846558678455,-0.021592063666903,0.135238321633739,-0.019427365942441,0.115861857017857,-0.106624206271349,0.220012065611306,-0.163160368688028,-0.169469710950718,-0.083516532348511,-0.033240529156429,0.150380303493183,-0.015367453461065,0.033936666802777,0.136615989470624,-0.088119801412262,0.057270566646086,-0.150624549853637,-0.076356231981265,0.120003095717327,0.011026302935564,-0.088837666426069,0.040132311469568,0.020375726529617,-0.118559942778148,0.068585117178696,0.035849015907563,-0.057572441085175,0.125516693904355,-0.089808853879464,0.062725294142740,0.013299070704636,0.036307498147974,0.056652972033689,-0.051024644885928,-0.024834237383811,-0.072333356308658,-0.038968410049055,Iraq,91.000000000000000,9995.000000000000000,IRQ
"000000000000000000e3",-0.034414750598166,-0.073290589695102,-0.157162601079229,-0.199213687868827,-0.055466532772787,0.010278219759784,0.123356559465876,0.145810095571985,0.035407553924515,0.096511076410059,0.054665784136583,0.015955731222200,-0.016543222972306,-0.074742264597935,0.045968817037216,-0.003116910264765,-0.029088697630903,-0.092781021427323,0.014112535630919,0.058348921002576,0.082086773754491,0.235696031164217,-0.128299997135642,0.123227432521195,-0.150933960876085,-0.186474887920183,0.008053700804955,-0.110406383874426,0.047498773204842,-0.090361636584436,-0.103336270786838,0.335563993346155,-0.047925016279452,0.017160986336662,-0.063859965341616,0.002410777429123,0.138824794066113,-0.031863917246559,0.006209524197234,0.088021981623131,0.047301219226817,-0.233627907563979,0.180381435279862,0.057790732440864,-0.034486907942152,0.051749347466685,-0.092977595088385,0.053564962681330,-0.074117258849109,0.032106910996768,0.096959917486899,0.064971434235193,-0.238707656156571,0.057071623608089,0.053905091048643,-0.066242767539359,0.031551413672669,0.007176089093500,-0.009869973178206,0.055142236017307,0.139521820760916,-0.174739666390758,0.046737735274760,0.051453207806597,Wallis and Futuna,935.000000000000000,10130.000000000000000,WLF
0000000000000000004e,0.067003626143586,-0.047903713431954,-0.043635243294991,-0.138763505845359,-0.054174798272094,-0.062361580956591,0.152610181435134,0.086995543774560,-0.025708061578232,-0.026330051744891,-0.002440018687435,0.119922539710927,-0.125319356987544,-0.015846824750484,-0.047056991161600,0.027551619505402,-0.014380364565861,0.041571797640482,-0.110174787163444,0.086758409772854,-0.100011335860876,0.080293652148852,0.002362211472216,-0.092026979619463,-0.138267978511598,-0.028377162475100,0.114126462794075,0.024369049895823,-0.100271551575818,0.121540785156304,-0.016369920419556,0.075215557304475,0.043411356320252,0.094435136152125,-0.082037681802682,0.014824329332208,0.154925294704634,-0.091290406463154,-0.130421944876287,-0.002885645844062,0.193725014350823,-0.294134110476452,0.139934809229333,0.112998416771786,-0.112739020572291,-0.044899464178787,-0.169511257814913,0.012178540169252,0.104135810967664,0.047920874784342,0.002279983138053,-0.161547542506222,-0.067485658880946,0.087221790848925,0.072138567402133,-0.040952000050407,0.013714621464517,-0.024490779572436,-0.109747626813365,-0.102510345067081,0.158045671922998,-0.196775202119133,-0.064757518258649,-0.019115923359543,Jamaica,95.000000000000000,10161.000000000000000,JAM
0000000000000000006a,-0.096821948391528,0.228027379924587,-0.069859939291289,-0.020472198025982,-0.114796299563867,0.094510200053244,-0.067630478382940,0.211913985085115,-0.111525402480950,-0.069258793200187,-0.016026477505552,-0.054282217853429,-0.145907958634166,-0.056967167139147,0.020833679380053,-0.048358658129978,-0.006707050053947,0.037214529895221,0.056505837297294,0.028060099926828,0.114879845642714,-0.050059782871649,-0.145205807210254,-0.014383655166104,-0.123870654914029,-0.096713566918234,-0.004855113304006,0.158792508558201,0.044969881923807,-0.168351103471862,-0.137668585261428,-0.021788448494144,-0.047574701323229,-0.161462339302685,0.064130509135787,-0.028971516132736,-0.049417653845978,-0.015711964925715,-0.053222589239597,0.007718032517813,0.013865168102377,0.076290212067611,0.094605731218482,0.171692428457521,0.077074883922914,-0.172776538997882,-0.077892228887016,-0.113999011340620,-0.105821612445018,-0.145893468898263,0.139077720172329,0.017771272715261,-0.003452536483329,0.097573903281636,0.119000132177935,-0.094025670179330,0.046368325882817,-0.086902886662918,-0.072254249967752,-0.014915832571893,0.122600189275297,0.014922376809830,0.016034020683390,-0.139457001670647,Namibia,137.000000000000000,10266.000000000000000,NAM
000000000000000000b3,0.014553015566150,-0.046057624784365,0.060663430214108,-0.129812335975951,-0.095694429739847,-0.025260273774314,0.070535673969728,0.017830158062513,-0.059563379099138,0.136412162600988,0.071885596868118,0.035539221870624,-0.154785825239051,-0.015958953549265,-0.013976595687714,-0.042049692556609,-0.038616393517881,0.055267387980964,-0.081489318923460,-0.018699813970077,-0.095993775617050,0.109437750827963,0.127336700295520,0.133602467854678,0.043868202819906,0.012849079917645,0.158912317613112,-0.113377223090498,-0.206014293995556,0.120479453851685,0.099335636998657,-0.068625738816399,-0.056871746364852,-0.029088311373177,-0.098940564769528,-0.008620108971192,0.001474375072765,-0.069925752431123,-0.050728961848179,0.012587206850922,0.103011207393760,-0.065825960653996,-0.041554249106143,0.154897473703286,-0.051510024188747,-0.043132029890173,-0.142444513336112,0.001032685351499,-0.038732899010406,0.011100868784635,0.119516308088598,-0.052195755172072,0.043446984932928,0.082242176570918,0.061754021397963,0.108443656274211,0.129671673098404,-0.017203895665357,-0.041598794806399,-0.207469776230554,0.024983353342237,-0.024798882361621,0.013575838729702,0.028894293413666,Venezuela,205.000000000000000,10427.000000000000000,VEN
000000000000000000cc,-0.051237118805837,-0.044364861699997,-0.007114261733866,-0.042137347575997,0.178008067093236,-0.090184098881285,0.136956859483734,0.110977213586325,0.089347360093984,0.038579303099651,-0.036456371231964,-0.099765381975273,-0.150913640741282,-0.061498382334158,-0.100552364317810,0.100756443534242,-0.037109741473029,0.009874496307271,-0.103937843225109,0.110972736043633,-0.002220176130244,0.021136595947179,0.019270136955641,0.112182250965041,0.166701251385102,0.070379874110982,-0.168578258242868,-0.142645292811340,0.124442472755154,0.047662539376507,-0.150863212312552,0.040745113752682,0.186240781187163,0.114937128464704,-0.027472442733438,0.019540620197487,-0.157702536402795,0.011814574369851,-0.176305838694576,0.058566778147524,0.046053776652704,0.156717721528699,0.065516067352956,-0.172307626355098,-0.138930595862929,0.008620680668216,0.123848028578467,-0.129584296725411,0.060778602362577,-0.139635090042220,0.005179868692178,0.049147166700318,0.121487745714346,0.182689430380732,0.141083230232814,0.049499410592863,-0.033657664438680,-0.077834826443281,-0.131578148040469,-0.012592976048291,0.083731521355138,-0.181458101172610,-0.052349786257663,0.013576310977540,Kosovo,211.000000000000000,10755.000000000000000,KSV
"00000000000000000098",0.068340842088321,0.046544240457348,0.090631581944077,-0.039357041070336,-0.058131378937723,0.055239930238616,0.059686974673590,0.105381295127764,-0.079445298245016,0.080532591661988,-0.013321822506969,-0.057894639975888,-0.286849707002508,-0.111610886216532,0.104672824843779,0.056609380885367,-0.079908880722284,0.009208374117367,0.014961778542219,-0.026574051223194,0.059122021402172,-0.215962417892128,-0.053412762734300,0.049935451671302,-0.000920703383920,0.011539419759417,0.073182056817199,0.001029040208676,0.075494441607543,-0.021502456715535,0.122290758223407,-0.052300738517804,0.235446121003194,-0.055320573465945,-0.166304649270035,-0.079254025261076,-0.047381560128562,0.106474529158096,-0.002166164125522,0.039347538727684,0.219853197369734,-0.128267890757095,0.006935284906169,-0.095348257298496,-0.099389100379083,0.143417791265690,0.003039676667585,-0.105414232478551,-0.059021986506482,-0.027461633314838,-0.103945730921358,0.097516216520543,0.019469109814438,-0.067563451690988,0.087892103325489,-0.197821577522451,0.050895632629321,0.102053737585261,0.028963668032569,0.039226766347991,-0.080015655800840,-0.059436342217220,0.013394838017554,-0.020775793137371,Tunisia,194.000000000000000,11047.000000000000000,TUN
0000000000000000002f,0.015601559351557,0.046867954681635,0.099299401764990,-0.029612633961440,-0.101546234797806,-0.027775233681903,-0.038857931801905,0.118211006892644,-0.162419968958567,0.122350007892017,0.043966665869580,0.029462962507156,-0.256570538997088,-0.135318576033723,0.100537487545550,0.094955205201029,-0.019470048048831,0.016997436278804,0.085599226565927,0.049941821373822,0.063159285310040,-0.283337266246127,-0.154578153233630,-0.003887117266237,-0.050523785031198,-0.102443954458008,0.105363998819013,0.002206297053624,0.055400124437526,-0.082750255373282,0.060971928290256,-0.030923754757365,0.098054930452680,-0.038436131343158,-0.183754601352817,-0.100617310003368,-0.087888453307938,0.203214183668844,0.067011927493020,-0.091323034543212,0.228599470332344,-0.094824597184121,0.012784529880347,-0.043798004517857,-0.109356895252536,0.067154316430246,-0.028126637963372,-0.142470129833409,-0.042182354313032,0.021743455915663,-0.039921828209380,0.054573804156316,0.027731581621457,-0.031880497102370,0.160041398653340,-0.152383763435351,0.070574842762514,0.125903542521224,0.014636112975534,0.047754541017769,-0.164431612731084,-0.064301173087614,-0.076452330902487,-0.048609668477193,Egypt,56.000000000000000,11363.000000000000000,EGY
"00000000000000000048",0.032324686046085,0.040179583048264,-0.030917818476409,-0.100565451306443,0.008701994007594,-0.007033475678096,0.032644667112922,0.086196964295777,0.018945457680415,0.101126877106178,-0.001641629580792,0.163830066563464,-0.021411082206615,-0.012836156544763,-0.060299223708963,-0.157187864723157,-0.087834626747709,-0.053577454606874,-0.078715890220976,0.017406190565622,-0.018481749296670,0.023393791085794,0.036369256193787,0.214002352069382,-0.059287633765049,0.041282183194019,0.057885790396237,-0.081996541421162,0.014394165255987,-0.077148163601518,0.083571864182582,0.025131776756274,-0.137511571257000,0.010249041850481,-0.007562132989495,0.028803410467985,0.035970847940138,-0.085005360534018,-0.113693103618384,0.055714869428701,0.084623828719007,-0.093876234461467,0.084943365181098,0.018305344891992,-0.027614306541445,-0.041847711662832,-0.070297334988070,0.012141031494850,-0.026983510699629,0.021765492957329,0.102394237835956,-0.029107726276439,-0.068965758734281,0.137264201929225,0.153109603829008,0.062234475506647,0.069111185718062,-0.032107316674531,0.065519894708570,0.153823522593516,0.063759388197986,-0.090729400974354,0.124226172535970,-0.099020619597984,Indonesia,86.000000000000000,11397.000000000000000,IDN
000000000000000000bb,-0.020023567201884,-0.050392771066756,-0.184901062385247,-0.170484332490216,-0.029282403909762,0.012783027497668,0.123414907574513,0.183049859930968,0.018467992056836,0.040900259236477,0.030523870893753,0.075530644060853,-0.028569762974567,-0.051025899036031,0.014122246605171,0.012760276947906,-0.070759387387609,-0.079926735005157,-0.018567903081978,0.033647390324101,0.131753330607473,0.206407803414748,-0.147214702911747,0.109816001142840,-0.146175898060425,-0.105628829526363,-0.006006332421027,-0.029156071851802,0.030236592427262,-0.059041419273608,-0.099245803214981,0.243679533278160,-0.024732994053302,0.011433858527459,-0.087638352416356,0.067550922825873,0.093380069817321,-0.036489494533188,-0.025573348323163,0.064453411796739,-0.012109393209507,-0.255276829416161,0.190391625383547,0.047762740587143,-0.043484962823231,-0.029766013287610,-0.127478916480023,0.043843015899877,-0.093234773285548,0.001245237180513,0.090850980190453,0.074282762955594,-0.211316802916024,0.130655663519173,0.021261715151924,-0.062062641327729,0.014247710665580,-0.026000829761407,0.009121777862849,0.109251726606464,0.142724518183897,-0.173844534793427,0.035117378155015,-0.008404648654062,Mayotte,923.000000000000000,11439.000000000000000,MYT
0000000000000000002e,0.015896396879436,0.065528674016281,-0.044753639839125,-0.089579784746624,0.043176911407202,-0.037657695188986,-0.029460274143491,0.054478670760843,0.073580598840881,0.083305554542513,0.043329344034570,0.109887932502160,-0.029733113507689,-0.046065648437344,-0.032574740939688,-0.168320633959864,-0.114628045427358,-0.052795508763208,-0.029345202952862,-0.037030892507446,0.024501589544190,0.028638023194871,-0.049313464515716,0.106494053886791,-0.038101056217006,0.014188954330868,0.045240287613960,-0.049420942224302,-0.045093959957080,-0.135382978102824,0.066857902152153,-0.015067852528920,-0.134287002044908,0.021320813593017,-0.066638699080139,-0.018069658194549,0.045735121041772,-0.089480965965860,-0.162002026039409,0.042114626246826,0.077989017330819,-0.105319687697493,-0.052285421851525,-0.025322920838633,-0.030566905901169,-0.062053232350452,0.032847571282343,0.070788893746255,-0.034174958793582,0.017414848108477,0.094897078553622,-0.078887788645591,0.047482493416909,0.170734344526900,0.140339187392026,-0.035070564519615,0.028501978392669,-0.061640653044552,-0.016493381794519,0.005439483469777,0.063008099340665,-0.098553347116422,0.062637462408896,-0.095296807655684,Ecuador,55.000000000000000,11608.000000000000000,ECU
"00000000000000000001",0.028598692408143,0.063840126765166,0.109285082609840,-0.065574496101314,-0.100036671612381,0.017898022450516,-0.056129770522662,0.100675558042344,-0.119856000043457,0.087908275129368,0.001893216346831,-0.011482626615404,-0.256412507114889,-0.148143283927538,0.122732837137905,0.079175114166393,-0.053523318595000,0.021391310941200,0.086808505267578,0.025089132139990,0.035774765482763,-0.292360113302829,-0.124545790767108,0.023889365407842,-0.055392154179215,-0.096896972392564,0.105653304308865,-0.026173490795059,0.086656989026173,-0.073412070627558,0.065098136000844,-0.042417643103505,0.120838446989828,-0.053389782872382,-0.171344153674217,-0.136646496688674,-0.064307214085669,0.171046836032024,0.098148345128114,-0.126622907868339,0.221933283979376,-0.063349215717556,0.041635200627229,-0.066991529218088,-0.126171305154123,0.072581393140938,-0.051834485910433,-0.184378219707926,-0.061760640270866,-0.053256210180624,-0.066935126478416,0.019966177528203,0.054522046100795,-0.003985305014240,0.165228250996037,-0.140585213428528,0.059475261182043,0.071788565902291,0.001598068974398,0.030424218337571,-0.162081410867973,-0.010408445425707,-0.047729603021695,-0.052540947017914,Algeria,54.000000000000000,11726.000000000000000,DZA
0000000000000000002c,0.065814938281549,-0.012226420589699,-0.088673050748193,-0.139586485129206,-0.106657149500893,-0.026790718277055,0.105431623821078,0.117361557123104,0.066580664277514,-0.030772629212619,0.061290898289544,0.139738897370166,-0.158452655593732,-0.049303231253972,-0.078878485295677,0.020417421937474,-0.006555339662080,-0.005385085702980,-0.117886196915273,0.056060671137314,0.007150954218082,0.114528687204798,-0.007262535368943,-0.009056359600435,-0.156851716140483,-0.115547501016083,0.110571850290272,-0.012281103820179,-0.039038202816626,0.098006721603483,-0.026727551851413,0.214860225086766,0.002199485991729,0.102330129047936,-0.038191701862397,0.036589639454625,0.154190665928904,-0.068853364025305,-0.074263269322636,-0.048676131722640,0.192002212633550,-0.311805441165194,0.135620374446074,0.086154271789719,-0.085800332114689,0.030161353114400,-0.153957416852212,0.073228687412770,0.064897906361399,0.067547297998168,-0.029444568082541,-0.086104895626990,-0.071082403144179,0.052154820134376,0.078760966338167,-0.125670499354201,-0.006491960310652,-0.010088793184449,-0.102018922774514,-0.021969516701226,0.158284137825703,-0.171224657479124,-0.025725501038656,0.046403110623289,Dominica,51.000000000000000,11849.000000000000000,DMA
000000000000000000df,-0.038014003294086,-0.058544121553634,-0.146232383252531,-0.180661797077603,-0.134568842523112,-0.044022502698806,0.041496138629108,0.188487531295512,0.077907895371569,0.101311934237121,0.129190396075952,0.009298707393308,0.019658640239258,-0.005142543299144,0.088285017818652,0.003085558290132,0.019425263733144,-0.005836610564161,-0.048763156115503,0.084034957834194,0.094267821682979,0.180175108481140,-0.100466837620284,0.109403005786075,-0.159363804364008,-0.158710570134865,-0.056534906527159,-0.142165837895257,-0.001562012485952,-0.091723213627750,-0.139972291055023,0.282826162785657,-0.021472196447434,-0.081550670155647,-0.055270421661822,-0.032353376361363,0.096945024165170,0.024609947679162,0.005181221588933,0.085431185351499,0.002081193950360,-0.260739731115071,0.065787901808319,-0.013202400486264,0.040555422887523,0.009357262213932,-0.111905287457425,0.057326049286252,-0.117677121222252,-0.014272940487936,0.081019144421580,0.051886045293680,-0.111853083548770,-0.022195226311900,-0.030409227074072,-0.142205673912893,-0.006849787077254,0.046096949657607,-0.085927752456963,0.022095663544856,0.131295347771563,-0.157516522899671,0.077915841568958,0.135824770410179,"Saint Helena, Ascension and Tris",929.000000000000000,11872.000000000000000,SHN
000000000000000000a7,0.029409150824494,-0.167492940014903,0.078967316129020,-0.099245401423490,-0.011075424556970,0.007134746989116,-0.038834237318511,0.096059383742384,0.051936157483560,0.170283166313333,0.128031407847415,-0.012452792058750,-0.177833345566538,-0.029258635519949,-0.043505074888046,-0.045659386952381,-0.138207637991711,0.057167782268544,-0.072468545331348,-0.192537777788468,0.022103607858568,0.035084555783583,0.105409651743320,-0.099706692969152,0.081989018081786,-0.085728540561202,-0.072890514530747,-0.007985642741009,-0.137523709131347,-0.037719155455956,-0.001840128648205,0.165077402222582,-0.026000680169696,0.030536537493503,-0.162250813503458,-0.098902899489907,-0.078062710537789,-0.101649915615723,-0.040331456667699,-0.064764963219721,0.036790741759611,0.036227047389730,-0.142392310580026,0.066129919144637,0.022829272416806,0.143257979078539,-0.010998655762221,0.258616312487976,0.007616505106624,0.070892967752877,-0.012994693793300,-0.073270766746144,0.105873334969289,0.128682921840322,0.171370219475635,-0.143571824191026,-0.088815458405626,-0.110467135454990,-0.181723175267432,-0.216134020940005,0.075699490609717,0.088630523090067,-0.046641225539335,-0.060493686820828,Bhutan,30.000000000000000,11932.000000000000000,BTN
"00000000000000000066",0.053113889686545,-0.120154671810484,0.069337308239808,-0.164463622672974,-0.018826409687028,0.149611249221500,-0.189432530001698,0.149296398151102,0.006010673906112,0.151155767975951,0.023762154360537,-0.142480267352044,-0.014865160897359,-0.023959655438630,-0.091896828703469,0.135146776901904,0.011392796675685,0.146341168743764,0.067208047173002,-0.065434803034230,-0.041595568674827,-0.041847320099840,0.005760037981837,0.027596554372246,-0.108048249430705,0.105319251351457,0.159876739350711,-0.109394453511187,0.148865425442953,-0.027002873716505,0.060190181983724,0.078693178157848,0.041897474794613,-0.091253515821899,0.003898653071959,0.106053345491392,0.037352032570424,0.050588853346520,0.012468258328411,-0.154554870516061,0.075119523088369,-0.074707194949690,0.040445432326837,-0.122960442673142,-0.038546521705777,0.084000788235373,0.018560591189118,-0.143496254359826,-0.082781865955350,-0.161802872696659,0.166289845793423,-0.189717649291262,0.038910398952203,0.044901514645552,0.116774946490150,-0.041761975190284,-0.198004593625058,-0.145487356468618,-0.153477125003845,0.064294963885204,-0.114038373729783,0.052936209506679,-0.180103728806617,0.018354940140551,Mongolia,130.000000000000000,12052.000000000000000,MNG
000000000000000000be,-0.035017111757840,-0.069400274761204,-0.161109416608501,-0.201133945546874,-0.065700910952357,-0.004315850764105,0.080580996532424,0.128346514414229,0.043501221968981,0.081737390205561,0.058760709211398,0.020126857129573,-0.052932466277474,-0.077243549974711,0.026013950206471,0.004145414975610,-0.045496865093951,-0.094199834818071,-0.005130084992536,0.052300467490391,0.093959207571361,0.212644801244016,-0.141783551459734,0.135036090339512,-0.145777391595310,-0.204391307261316,-0.011154944853715,-0.110885627806611,0.058810648956135,-0.098730271681271,-0.089727329390080,0.333513569518211,-0.053182889601421,0.030347828577922,-0.072675683392115,0.005369756945774,0.139119577145442,-0.031600648202190,0.016886102785640,0.075552151814426,0.048764413895379,-0.236178533425078,0.174148604664944,0.054842485381437,-0.023979460428143,0.041520190260923,-0.112979871445700,0.053284440600404,-0.060584673650091,0.039721015433770,0.095092115760989,0.060550403513041,-0.244146839785661,0.061508840815523,0.053682892237370,-0.081048884031120,0.026566715022047,0.009178010236757,-0.028030334632825,0.029656767247509,0.162320116683000,-0.157487642700932,0.034663637420903,0.059553802998542,American Samoa,9.000000000000000,12089.000000000000000,ASM
000000000000000000ae,-0.034444008341082,-0.066766982503775,-0.112696961825365,-0.233631802247112,0.188666982286128,-0.052742329321386,0.124830245077814,0.084578273874921,0.023561972247384,-0.062927741061603,0.080832418625234,-0.017581954752307,-0.226668475278434,0.007161345133315,-0.211255983344562,0.159978442845472,-0.129861239401904,0.077561477725899,-0.037758589865940,0.125213241718657,-0.080344623174432,0.021613332742851,-0.008676205392993,0.075140438032330,0.088504719067169,0.108621937583759,0.005637574175650,-0.110826964117631,0.241394674077724,-0.129972985224855,-0.137744819369217,-0.009015646066863,0.134215687595260,0.092611714784546,-0.072091522311255,0.202672026528756,-0.160275544877290,-0.053472083117430,-0.086817524854652,0.046399926012331,-0.004118953088975,0.022744396573497,0.047676563168197,-0.108632812450036,-0.060667190537368,-0.052512527165089,0.210515236405781,0.012033872524096,0.139220056758946,-0.241266547615218,0.040786842482276,-0.016885774985505,0.131611275188026,-0.003904273964787,0.042434807298383,0.036385119208028,-0.007626733934645,-0.131836469685330,-0.055027107666453,0.012686955477075,-0.054727476384890,-0.122769625251411,-0.017907601007022,0.097588678751850,Moldova,120.000000000000000,12143.000000000000000,MDA
000000000000000000c3,0.015816725712173,-0.059557230911853,-0.064684473809755,-0.121849576855165,-0.164096352979507,-0.042754941629388,0.210363907410714,0.041118797680588,-0.099163655396431,0.067239974688853,0.059146994664939,0.057584549312115,-0.093230011832745,-0.010195963568659,-0.033874750478732,0.092919708675367,-0.032575181658013,0.039661442648230,-0.062779477869260,0.084021762157494,-0.130018684802111,0.159932270572843,0.012578875242360,-0.029625110937798,-0.074783596646743,0.001957545780993,0.080398599479427,-0.023388224278022,-0.098769365253451,0.166639803135712,0.005988819483849,0.037879176015338,0.032060544010574,0.075323271708442,-0.123339890864476,0.047341702130745,0.146915965988447,-0.032406944619173,-0.031409072186206,0.045870877711672,0.165532939955566,-0.197173547630623,0.144419986010483,0.105450726233662,-0.129716930186106,-0.033219995619713,-0.135851387284734,-0.059465877932189,0.122113771602542,0.049392663003596,-0.000320505708458,-0.114818227738277,-0.061286466591545,0.103613962579258,0.051572475794528,0.003155931516196,0.009706595554290,-0.007725063492743,-0.093098527789425,-0.205533273028936,0.101415200062875,-0.129802834043656,-0.080886849662939,0.068266698011302,Cuba,45.000000000000000,12277.000000000000000,CUB
0000000000000000009d,-0.041177615973667,-0.087062191894013,-0.137401833939262,-0.222203161413969,0.141580613550360,-0.066165454698024,0.118646110972162,0.120576718590937,0.012350202061537,-0.036974623216170,0.101179362184719,-0.021367238330280,-0.175697869480182,0.020128211920251,-0.218194690156978,0.152180231162425,-0.136523474815914,0.044885682863243,0.031896444574068,0.071260614125924,-0.052254370926240,-0.009719658124418,-0.021408711141508,0.049672869510289,0.086460605677459,0.080448815190545,0.038918182864782,-0.089371620821841,0.217147370493966,-0.141839554483755,-0.106706642360087,-0.008903055145791,0.115126376920206,0.073273300547417,-0.069322183978047,0.200714854454911,-0.138930462877557,-0.056028723926191,-0.078257734246008,0.040343007440901,-0.036567899226531,0.004333576192803,0.008802538001137,-0.048122868884871,-0.059006753894606,-0.025406014394107,0.173888247850846,0.005041155541278,0.170632607993816,-0.235391721010413,-0.002842087281434,-0.032969634499615,0.094588126998362,-0.048340770467191,0.061538521710534,0.064400906652284,0.013850208924217,-0.109617765417793,-0.053232950526820,-0.012175554570224,-0.046627558109429,-0.069935864241486,0.000254886912003,0.107970991274906,Ukraine,200.000000000000000,12337.000000000000000,UKR
"00000000000000000041",0.009310156146744,-0.059207216932025,0.026871414579744,-0.139536884973657,-0.104491504684518,-0.098457939596657,0.006309253842283,0.009740693025345,-0.055790698658331,0.166063075825784,0.095937264721827,0.102065915603464,-0.095921754911878,-0.076175896944853,-0.010264627250054,-0.147901045264317,-0.073470365836629,0.002064625925412,-0.030935324196840,-0.026216717080456,0.020354763745181,0.018361644167756,0.300749057856594,0.267454508025953,0.065383223108423,0.024659996324308,0.199746925337996,-0.133227030703147,-0.125853541694680,0.015690724716393,0.221355048685356,-0.136729438138317,-0.136103111911330,-0.054841271589177,-0.084403941996411,-0.040955102517185,-0.022086818607988,-0.094309195425610,-0.186241572504375,0.012431216208799,0.099122720428706,0.052970607746892,0.045841679424432,0.029863449463127,0.091485027094800,-0.066188964466279,-0.123641306659195,-0.042273287104813,-0.038737817876840,-0.007549892287537,0.210248166342637,-0.055282287903892,0.076374999941586,0.081571674426436,0.068660806744758,0.118938253302674,0.178623479707461,-0.034810958340681,0.082947543275441,-0.084478271880384,0.069456893302181,-0.130888433300725,0.058472314232366,0.062720720325675,Guyana,80.000000000000000,12374.000000000000000,GUY
"00000000000000000078",-0.049504175579831,0.017422381800377,-0.062665369854476,-0.062497558548710,-0.067874850981381,-0.033417205717693,-0.023203434898322,0.002425421453725,0.005812483828009,0.093278691981070,0.081629672349054,0.046792206836954,-0.054751468102694,-0.030428412687184,-0.011013315593552,-0.161039529900139,-0.129316877196104,-0.052753530158026,0.009646180216041,-0.077823607468975,0.083383833974422,0.008735887252408,0.014475377212954,0.156668018008019,-0.001466658711843,-0.008278504008766,0.124697391452035,-0.070804422383120,0.029108409657319,-0.137934077518464,0.129554560560286,-0.021672540493947,-0.149054800776814,-0.015766364588950,-0.102014112564204,-0.098054887827349,0.015523433873745,-0.070372849760994,-0.193646160828464,0.034543403469051,-0.023189573384152,0.071075733814500,-0.051556261398347,-0.081368211280027,0.057775220399467,-0.049725459777706,-0.024189306248924,0.036877335634643,-0.032299574534359,-0.031280564097514,0.147315802357027,-0.031552006273546,0.068439967448550,0.150387488851860,0.086015526560710,0.056817156653855,0.030511712271142,-0.072508982151010,0.016607111864545,-0.036648152898966,0.068785660606379,-0.083242438856364,0.007075641746045,-0.119838899126482,Peru,150.000000000000000,12696.000000000000000,PER
"00000000000000000005",0.033883913839613,-0.089951939949288,-0.079573697314357,-0.163162808048925,0.169603655756671,0.011053533205752,0.134392617015129,0.103977019397488,-0.025459313631609,0.087242095293327,-0.066769680407540,-0.101939277520282,-0.142752868439520,-0.075596327142599,-0.100857559485262,0.033273047017040,-0.056600374105315,-0.048420222048067,-0.034785167926331,-0.049363334249483,-0.004721736638387,0.030245715732158,0.015032239240649,-0.046400036446743,0.059197962504712,-0.049567655898504,-0.043774521397362,-0.134489575070264,0.119073911614391,0.075301503520103,-0.030917809338598,0.047236325495555,0.154644818739260,-0.016655895248448,0.039990573463161,0.064267863533085,-0.017128563938302,0.073282979921723,-0.153940432675097,0.087169181803352,0.019652100871794,0.075606493321989,-0.027960660135876,-0.176812712028988,0.002536959021080,0.091564495234167,0.146135531382592,-0.040712207313348,-0.057455277418662,-0.139804954991595,0.078966206095031,0.007306454205220,0.059768450082722,0.174194167208981,0.106502912104130,0.063361728089243,-0.138771839312461,-0.181190477409499,-0.217752289401083,0.058025207962842,0.021972461638495,-0.075154093356430,-0.031148383148748,0.086546396132672,Armenia,8.000000000000000,13231.000000000000000,ARM
"00000000000000000034",0.036276785634075,0.010462928320827,-0.134494332531472,-0.194392772026427,-0.036366983013745,-0.035922501979907,0.090958544466403,0.190188656985039,0.054125084698704,0.064308104578363,-0.013872067464121,0.078240650045651,0.002767998841632,0.006560336740841,-0.000661141995949,0.028802614634731,-0.083194624172743,-0.087627199853085,-0.035156043988699,0.049710854757510,0.030295866043299,0.113319699441141,-0.138087413459296,0.123279258042511,-0.182768308878995,-0.089081871662872,-0.030849023364848,0.009762304006273,-0.015815828094226,-0.113873473992479,-0.076653613868350,0.174340536755835,-0.038786706160470,-0.004900149998163,-0.033675219278788,0.011410706989133,0.128402316607597,-0.046214902216526,-0.052042448276244,0.091485863886804,0.027249816189560,-0.197850788578427,0.181525143851683,0.085864014849142,0.036446358663602,0.005857951741644,-0.098719312504979,0.057067796260755,0.003525014941638,0.006625919252696,0.062816725738630,-0.024149681176991,-0.211988956870257,0.105146807360929,0.047455518958785,-0.091305553243225,0.022529442525178,-0.061837558405849,0.000051479935205,0.098669763970481,0.142191086748712,-0.128447233945658,0.025710765768654,-0.087512182823382,Fiji,62.000000000000000,13311.000000000000000,FJI
"00000000000000000000",0.005968486198471,-0.035158684600505,-0.004653242678781,0.005445082106818,0.134068164891089,-0.047998111102824,0.116639773862405,0.108797534082739,0.113218975076373,0.002918626907013,-0.065041787595773,-0.091097466625033,-0.190519471651156,-0.086049411857866,0.012446306434815,0.009298829271761,-0.011955412439830,0.044345543198324,-0.123434333061487,0.098878410341522,-0.006590873111319,0.025553044433278,0.017563335159699,0.108353226854335,0.105142798016872,0.102912834886970,-0.138561744374401,-0.092746182414994,0.166465931044278,0.065926307126087,-0.052927140981176,0.083548799987096,0.183061633865136,0.131993054507566,-0.078602956170444,-0.037063385980324,-0.090943452065681,0.054163051207961,-0.166613851499115,0.127475263483589,0.052196489869566,0.088317093230693,0.104360551803248,-0.193700344014481,-0.075154457294561,0.116716342657380,0.029282797120490,-0.069742075442970,0.022815002663403,-0.039190660100729,0.009400985769166,0.075483668308622,0.051363149945686,0.127512853748853,0.152784959984878,-0.045827352076815,-0.022269038464646,-0.041701764842617,-0.083294136087962,-0.022242717489017,0.137412147987406,-0.159196616387059,-0.030073337485338,0.006177776163340,Albania,4.000000000000000,13317.000000000000000,ALB
0000000000000000008b,0.045015204306065,-0.058995142638227,-0.035481503966782,-0.116525330591317,-0.034762597096215,0.046393333439571,0.166164537386031,0.174338445900395,-0.059865484083057,0.076496220553163,-0.010403116221515,0.157819143956561,-0.126805471889236,0.049416275037095,-0.019729413098702,-0.038468537252896,-0.043941646259938,0.034439221184751,-0.113912756870860,0.068706798993880,-0.178218175204725,0.141318056241853,0.051016739762280,-0.007138106829638,-0.142574783118660,0.053352022264228,0.046431168895273,-0.011320962690195,-0.031568821200095,0.110111869763234,0.043577322690276,0.045032858090201,0.027356051543655,0.034218878912563,0.033485999939979,0.081887192293065,0.076494502675032,-0.064314504593673,0.022049289928165,0.046458470889441,0.186987905855304,-0.249739896150122,0.074674703982723,0.156962107860500,-0.143244710187145,-0.068536028080139,-0.092047765536136,0.007092921365805,0.023463509328173,0.035192230544175,-0.018415685343435,-0.086704645178935,-0.098765645131782,0.153827773831419,0.088736115664442,-0.015673038589479,-0.026103558957036,-0.012431511798684,-0.076266792953438,0.071237649140113,0.065045243659782,-0.149277303286448,0.062063360168912,-0.138389797418882,Sri Lanka,112.000000000000000,13753.000000000000000,LKA
"00000000000000000077",0.126739533854787,0.094169701205199,0.001172547002499,0.081300690617375,-0.037135275009703,-0.019608334741140,0.142996020263348,0.281518142873697,-0.101709555635912,0.155873672958383,-0.044137037728996,-0.054687953377191,0.006369221277001,0.132959493758362,-0.117505592294549,-0.032867730299112,-0.107668020677457,0.094979390683000,-0.039308801508657,-0.021284920955463,-0.055746202034481,-0.047120528873172,-0.116907901455430,0.166989798698707,-0.091158141993022,0.122793958767267,-0.031308116409198,0.161824392870117,0.017985613624081,-0.030899373693872,-0.112411442478552,-0.104424185431672,0.065121143108802,-0.257064702766333,-0.173515167570887,-0.012473773778167,-0.012678855388014,0.024463360814915,0.005282401970859,0.123426821224216,-0.140292771978355,0.055824010888448,-0.029162437045570,0.026278507609547,0.255580604826419,-0.117299761659895,-0.234809129130042,-0.063985517862798,0.026164603464678,0.051032154755823,-0.075723900817491,-0.055921443690155,-0.295514454218741,0.200202964627114,-0.075162660675163,-0.013165737610198,-0.049614687910537,-0.047569391437008,0.027785041221493,-0.066118715478719,0.028246591719586,-0.034867400894075,0.070175468787478,-0.124033273720775,Paraguay,158.000000000000000,13848.000000000000000,PRY
"00000000000000000089",-0.086202196951416,0.141409235183055,-0.010631826473313,-0.005979379408597,-0.138043549221233,0.004374513589699,0.034884834617165,0.235296735531700,-0.019826904368361,-0.024193551714092,0.035779940649103,-0.093329873584809,-0.074643959165704,0.007012462768462,0.067106792423734,-0.085306836742962,-0.070148352133275,0.065194635173744,-0.058323638127036,-0.000030508407554,0.039375535121059,-0.006908688422788,-0.130888852973196,0.006581107415514,-0.111436934588889,-0.051214520516851,-0.034862365332728,0.137866833615452,0.009177407306947,-0.200325973663962,-0.142434026357284,-0.061886578470533,0.002023787566794,-0.174764833570022,0.085105029530166,0.008173579639748,0.001895517458988,-0.047689342109840,-0.053066123051367,0.014207646077157,-0.068460882160058,0.030372579480731,0.058205769335520,0.146202356947697,0.148495066681356,-0.205968126613291,-0.089127258407758,-0.105304687910492,-0.132792260975161,-0.151640314728685,0.183194135940570,-0.024681750074783,-0.019793253154849,0.089469429129603,0.061078590291157,-0.146453382409775,-0.029138423485217,-0.095046480316330,-0.092916408036272,-0.012443404654114,0.178880339057174,0.092385740700134,0.051323935207837,-0.077079604347140,South Africa,213.000000000000000,13995.000000000000000,ZAF
0000000000000000008e,0.035930069476351,-0.061001242332615,-0.126068775071637,-0.129480877060348,-0.074955265996666,-0.006874049395172,0.139710763883264,0.094166333860735,0.036415440833105,0.045434022068421,0.117091195496029,0.040764217335790,-0.169031663588518,-0.100849397731334,0.009346018789697,0.008141067821910,0.027517121708986,-0.034780152293460,-0.083220494296471,0.001603215110645,0.093213775057103,0.191579817974968,-0.034959753178356,0.083067848451707,-0.129541968096343,-0.184523123406059,0.084942918882935,-0.107793111046946,0.021707459209775,0.037599252438741,-0.067771127581566,0.306003574643136,0.009592410121767,0.041878072951294,-0.091157619391065,0.040404400879304,0.171359634832465,-0.018357376053684,-0.011482118013658,-0.019258092798786,0.113020845726132,-0.329989429773435,0.131181540116992,0.085067401042709,-0.097612845212564,0.036025338432833,-0.152415282859872,0.057994673967349,-0.016246918491368,0.071538323350246,0.015940645859132,0.013338617082896,-0.140445396304869,0.038198564016140,0.063304870487314,-0.087085427898892,-0.036026518244767,0.040972188879287,-0.041709062787713,-0.042002660000558,0.150049758061795,-0.193879031419911,0.004446318116713,0.144283403232514,Saint Vincent and the Grenadines,204.000000000000000,14042.000000000000000,VCT
"00000000000000000009",0.052092865483085,-0.073065649298033,-0.049952771867139,-0.129965248357605,0.167685525910093,0.155298691248615,0.145295563713043,0.136554029766919,-0.023064790248835,0.050557278162757,0.027804634499210,-0.051032503244050,-0.216584756361467,-0.106224316121310,0.052953987578397,-0.065174056915316,-0.041726511347248,-0.037778795326018,-0.074533163823827,-0.025282801045858,-0.044739595704052,0.037152818295523,-0.097747077672792,0.025862365174371,0.124020081320509,0.060034125051429,0.024410141959234,-0.133126034728004,0.136263747529167,0.026246371934072,-0.008740157387728,-0.021467906747648,0.259340176266182,-0.064039774152897,-0.043635283637648,0.108716241756391,-0.086382573067406,-0.024025962947463,-0.128372491000349,0.063205386815208,0.144137288929915,-0.058292887533283,0.062917556994544,-0.137490156158272,0.042394443397239,0.097447010316830,0.135386552206076,0.054311282088658,0.028792714676445,-0.016702467306970,-0.066833012229381,0.074448407941085,0.084625230548406,0.050976753471234,0.032961756243081,-0.029260379620706,0.003294027979690,-0.156940990428832,-0.162911952932116,0.055522241068226,0.040248360804264,-0.141773104548430,0.001461999890827,0.116235483185035,Azerbaijan,13.000000000000000,14210.000000000000000,AZE
"00000000000000000039",0.003203780210847,-0.058324428350591,-0.041498703626872,-0.070593617017928,0.151126278056270,-0.076289971259218,0.090788628032828,0.189648107829816,0.065038367220349,0.094101855237259,-0.029914003466250,-0.033372091476986,-0.136636795174694,-0.061592898888655,-0.082189692133655,0.023067970066910,-0.013774829333229,-0.017788416028035,-0.114815030477842,0.024740007869762,0.015348852658628,0.041737079042666,-0.028480729266054,0.026602265182224,0.125846334189061,0.011877700312559,-0.120873536664630,-0.138994341896360,0.094847608788637,0.033008545958923,-0.075302071322130,0.066723235212285,0.126650623376656,0.057956569700381,0.039360084734382,0.032170665458432,-0.098361178208101,0.028511209932220,-0.127708245896972,0.001630305045187,0.033200940012076,0.105872209094536,0.019574744344659,-0.125246894376830,-0.074086568430698,0.120611472299421,0.116448123431022,-0.057661855134263,0.038453492509407,-0.061412745261210,-0.014451242528374,0.038141722150551,0.062267799386661,0.188967525046245,0.134786032383568,0.019127007693028,-0.063640520908198,-0.098861855794083,-0.150194380302372,0.025329804340618,0.043769303159016,-0.092928931878933,-0.019031791572784,0.036514611614328,Georgia,68.000000000000000,14253.000000000000000,GEO
"00000000000000000037",0.067737639879335,0.002097221730850,-0.107000788161842,0.033111495435273,0.017747183161451,-0.104022520091050,-0.105364049916092,0.064714564089641,-0.032860625681823,0.176178388053558,0.122101768854655,0.126606499474132,-0.087497290985383,-0.051160561994857,-0.102414613195248,-0.229522373032787,-0.043650688658850,-0.023414702178072,-0.108851695546037,-0.010765445620858,0.077206601944527,-0.038054511400565,0.208932773696058,0.300901088160683,0.059193024310321,0.028243173493220,0.181592307428849,-0.054322188116952,-0.019002417194298,-0.123729146127907,0.162836784533145,-0.033219294939401,-0.216313334513972,-0.019538470123360,0.087834889076410,-0.039811829854685,-0.125584171479065,-0.042069852243660,-0.177393363227340,0.051337701651917,0.071011539978452,0.056113698439576,0.021519821179401,0.044642120463403,0.045469677081216,-0.136298873706368,-0.010867476272992,-0.022543311706371,-0.095262500757838,-0.016585311466685,0.240060030644568,0.033715024509090,0.045910490994774,0.084344139948282,0.101000662908427,0.112602695767753,0.060712211295479,-0.045562886359556,0.171844953316482,0.161608273203959,0.014124943315148,-0.153668360004191,0.177886884868646,-0.011461558583270,Gabon,66.000000000000000,14254.000000000000000,GAB
000000000000000000c0,-0.041094258550117,-0.011272932453228,-0.057971185227673,0.001514625697105,0.141631687859162,-0.157086395200330,0.102415978381654,0.186262208137769,0.122092483533874,0.053083240265074,0.016964328774564,-0.063492618131693,-0.149293730738685,-0.039199955627591,-0.122629431955070,0.069386541792326,-0.032775660094207,0.034525391707115,-0.100737964931819,0.078514314377562,-0.001877546907574,0.018516701065399,0.014505536762054,0.096956946824386,0.157598430012388,0.044326456573722,-0.185853552932930,-0.180874053036135,0.095434625285556,0.062112745303918,-0.133135375395526,0.071053666839420,0.140477442057360,0.129524742380579,0.034606592902687,0.052709789596627,-0.194739428886678,-0.014111583398493,-0.128521736665213,-0.006511221321240,0.023317576761417,0.158814025270375,0.056581008676922,-0.078370556424413,-0.146789194685493,0.044693671300091,0.115122149476293,-0.101348994342248,0.106735522427332,-0.138914536816966,-0.040287271503985,0.043111257591753,0.082361607163568,0.160846735406070,0.144099439365887,0.030527675622002,-0.004359363883530,-0.004404373770995,-0.132668316081380,0.006005502136923,0.039115892049853,-0.135665550362358,-0.033805928163844,0.003796758382347,Bosnia and Herzegovina,22.000000000000000,14268.000000000000000,BIH
0000000000000000009a,0.220574792492433,0.098237792949399,0.108692444276359,-0.018978965860459,0.119431845258291,0.128616484564324,0.004506697973860,0.088272358734028,-0.073664017437336,0.130943020808634,0.084078404661708,-0.085774167410413,-0.195682644174322,-0.103282209340156,-0.044211381745462,0.011047975106933,-0.052472185042402,0.017730898922382,0.102851391601495,-0.088699643859102,-0.086493430284230,-0.085130744432292,-0.186108855591352,-0.011315766307598,-0.010631525525895,0.122838252662564,0.155472103537152,-0.088446932216508,0.119335158515179,0.068333427792419,0.109053664056300,0.008452157923667,0.221950137040007,-0.210466408023005,-0.178396843575946,0.009690605917812,-0.044617345169581,0.140418246866692,0.031948648028347,0.033045134312160,0.125957397474302,-0.141937871200244,0.155199394133682,-0.287495556501531,0.036941291735537,0.071548942967630,-0.017809012449718,-0.106183119875828,-0.035816348739360,-0.108841770822535,-0.001356181511912,-0.047920834274607,0.044397300037676,-0.167400814050645,0.041956751053995,-0.064512191301604,0.096325264900857,-0.066553389463239,-0.032050344933186,0.091902984844033,0.024948975613844,-0.015679666742913,-0.102091462774318,0.033468604454178,Turkmenistan,190.000000000000000,14321.000000000000000,TKM
"00000000000000000022",0.023666964402818,0.028733932326055,0.039852808372383,-0.124752786608992,-0.031149093478427,-0.021592064978347,0.032017285669171,0.018733971954843,0.018277548361940,0.162118611553626,0.058334608809236,0.056257240769779,-0.104293360470263,-0.015854137246613,-0.005853052614745,-0.140594862029346,-0.085169005945413,0.003533651636250,-0.048585150146460,-0.050642602897075,-0.064278420056572,0.051447926817082,0.073333244283168,0.169071659093922,0.031242911724890,0.026859416089957,0.116722513404410,-0.130028031041676,-0.139545754989867,0.011658866020655,0.134052744466763,-0.057306833836436,-0.117299181933015,-0.002761717609238,-0.079969396661105,-0.001015816592296,0.017202109116521,-0.084895101190138,-0.090017199418810,0.028821419064992,0.099211213239620,-0.034561849676845,-0.038139367394540,0.090173702901140,-0.031425481161222,-0.043839369105415,-0.069395759322965,0.025836708448385,-0.043407554580873,0.023420699360122,0.136375885692143,-0.066450049347172,0.049122270409508,0.109412026329647,0.122656300304222,0.076967757132083,0.087348111206105,-0.034115297139083,0.021993867926274,-0.149709036555388,0.035177320417967,-0.020233181713003,0.045203849944025,-0.020102908131952,Colombia,41.000000000000000,14426.000000000000000,COL
"00000000000000000015",0.000049295758595,0.033337804266570,-0.113607132020668,-0.088244679009165,-0.055912165363097,0.012618910489957,0.074093648254499,0.179224500571110,-0.075068148501190,0.058901595072160,-0.012476353857948,0.035243735952813,-0.017569553460537,-0.035749172060971,-0.013123324135455,-0.077896030166158,-0.097198418042659,0.032749172150655,0.018821645025525,-0.076865014394596,0.090659759770008,0.046981477881424,-0.010825521722928,0.254563268714802,-0.003619485836678,0.092163236291602,0.130721085652719,0.051002817001313,-0.027645130009443,-0.059909835969091,-0.003554766531009,-0.105729694352530,0.009470299674111,-0.119408654718066,-0.132668296129135,0.009760916498564,-0.044902148998097,-0.036362638458806,-0.134399623190408,0.095190120711645,-0.068259610097817,0.078569227413805,0.019665706485249,0.028205953473793,0.106499238539021,-0.069786581881992,-0.144301108778541,-0.040164456785199,-0.033209685651228,-0.024360724742054,0.108725574127027,0.013273355082346,-0.075731775931767,0.214004326789764,-0.039408179456434,0.091809554060030,0.081597957477696,-0.027946370383210,0.060637192784208,-0.031666295250883,0.084063755548540,-0.073393602882898,0.016983550638876,-0.165439337280639,Brazil,27.000000000000000,14620.000000000000000,BRA
"00000000000000000049",0.131833744939890,0.075112424645845,0.018732798504190,-0.020333373783559,0.050334834635861,0.061977870588295,0.064784901422418,0.090826665989886,-0.158994331234446,0.072960530577903,0.130325872191725,0.035275654375983,-0.260189298652406,-0.062649659094601,0.083175423977352,-0.018006507115920,-0.051281156729752,0.067028306077719,0.147490572506313,-0.091177743777178,-0.005061233233045,-0.122191245767881,-0.100167440961890,-0.066452893215200,-0.108251886902026,0.003664219514735,-0.051725237375364,-0.092838163769560,0.154926227080940,0.056661163118689,0.089748553623822,0.015872952046968,0.176260885263423,-0.151932099854666,-0.047921120363529,0.006255410819771,-0.008875701062522,0.052218198258591,-0.134884601755904,0.002285142958560,0.135943620547562,-0.061619252552687,0.076799338918881,-0.190728797036455,0.058375328642687,0.067741915511331,0.043850036737874,0.053598452223917,-0.067088622517714,-0.061410695155478,-0.043488576208604,0.032181761236573,0.121842071177860,-0.027535754400396,0.152118430164177,0.079703509727879,-0.073576917671561,-0.084298652686187,-0.070169632231848,-0.015586198576829,-0.030374348577356,-0.018241095265948,-0.084146335603915,-0.041460786003452,Iran,90.000000000000000,14691.000000000000000,IRN
"00000000000000000014",-0.061361591658659,0.223272679966806,-0.092209055780351,0.028408375280868,-0.018608714283108,0.161945525205500,-0.052080338548707,0.293882785875769,-0.103426969476462,-0.083208034152351,-0.084148433017734,-0.089738950480153,-0.077012273077290,-0.062502165234416,-0.036639739986998,-0.128920021806570,-0.003385047227169,0.024963705714255,0.057052451400966,-0.064444579293367,0.170103738989908,0.007557053177244,-0.165499461863034,0.046617965225976,-0.126049631997316,-0.015584412149675,0.100772013363378,0.249157749119474,0.012572218818711,-0.164309543218355,-0.241843197219649,-0.066443827950694,-0.031315176713535,-0.169397288651048,0.044332753713142,0.040769243436914,-0.111732525672875,-0.027635520670313,-0.114276104413753,0.062376780224922,0.024739900385420,0.100156681937251,0.082385610588265,0.216609520032379,0.142002206372800,-0.137507862057260,-0.063056727220914,-0.122778538558662,-0.122778323721996,-0.140542521534340,0.172218622530542,0.006348578643987,-0.091246239684042,0.140597901918805,0.046592356598767,-0.119011692605761,0.039445987194401,-0.090429107296748,-0.114178188377391,-0.043841685736439,0.175039837537794,0.068468536343821,0.075634256139314,-0.152377955403429,Botswana,31.000000000000000,14962.000000000000000,BWA
"00000000000000000021",0.005339360054924,-0.095057451946372,0.104637170882612,-0.090444001586577,-0.055629467310960,0.083806286806101,-0.126435036983187,0.156888256346051,-0.015523592850375,0.118447291552985,0.084598022914837,-0.053762387634293,-0.034139495770241,-0.029693636395358,-0.076865896239039,-0.034806555972466,-0.082287096830101,0.081146369787877,-0.044386769514094,-0.097996204833722,-0.045463643260252,-0.029029583729774,0.010470369800340,-0.038111698647217,-0.057125328737143,0.078132919121516,0.050013179422923,-0.066252613065065,0.076397046802421,0.055718728348233,0.038675758109634,0.095825629111138,0.034486370975095,-0.017035318529628,-0.050494760141460,0.057000963290025,-0.057908160105042,-0.033011950432583,0.020386276098830,-0.080323175289123,0.050936804180870,-0.007775357239065,0.002472714607428,-0.057303282060865,-0.016287401446244,0.102177664725723,0.048183048114667,0.007205082559046,-0.014603911247437,-0.068600029037875,0.076185052510150,-0.024137301984874,0.023672024482527,0.041917360950723,0.123848324512795,-0.070763607332551,-0.115034810017538,-0.074394985968384,-0.184521527949544,-0.037347438517550,-0.125804705933094,-0.034783064502186,-0.159219635637215,0.024280654426358,China,36.000000000000000,15134.000000000000000,CHN
0000000000000000003d,0.022759726559203,-0.062477084137620,-0.124755768710108,-0.152124839374053,-0.099044462855565,0.002281587236305,0.145052791945480,0.078630121005232,0.016763852212401,0.058300360228693,0.109374455192926,0.049458607430417,-0.155982073931006,-0.098551427576237,0.000768124467777,0.025607509679969,0.014715226536927,-0.025617658787806,-0.077662329708491,0.018014175851061,0.074280690620729,0.196716623669965,-0.023452296485645,0.058388862553596,-0.142083693272137,-0.163591818794188,0.087547451201737,-0.086786491292080,-0.001676569564247,0.051314550998729,-0.052665335214855,0.280875070688920,0.021926510616775,0.050807629078130,-0.083967193898932,0.040616645254366,0.176048059897267,-0.031581719356969,-0.023351087021454,-0.015583225281275,0.120345421468579,-0.324780227419572,0.134904281621581,0.099656887239440,-0.108292548480853,0.010074207736590,-0.156256791155850,0.035418780117378,-0.008147187637491,0.061716741579733,0.024745273676118,0.003652591609656,-0.133928221951244,0.047230543924078,0.056921835074685,-0.072889046687710,-0.014676793316528,0.046015575587844,-0.051228749884310,-0.044890258674515,0.146866605082970,-0.203023075983278,-0.020699061985145,0.126036657838111,Grenada,76.000000000000000,15402.000000000000000,GRD
0000000000000000008d,0.033851988672737,-0.036913247692501,-0.096484145661246,-0.146581408658661,-0.094774643440029,-0.009341298032579,0.125245292176704,0.084939092007899,0.032828732167533,0.019883937754931,0.070883408636324,0.107621165326509,-0.142681194022197,-0.068116818400933,-0.055676185105402,0.039432279765584,0.001839332291553,-0.008791437733656,-0.102454812719934,0.033925101996700,0.035333566129349,0.159308633006949,-0.008280363002727,0.004648285358916,-0.157592850397464,-0.117526023119145,0.099027840088705,-0.039452467886528,-0.053816753008050,0.105205500021338,-0.027289687651302,0.195295579202611,0.022821070540929,0.072407077370861,-0.070649856935412,0.048970928901324,0.159635951159037,-0.052827707506597,-0.093754981821781,-0.025976405615525,0.154975319703480,-0.322742261315741,0.135914679951107,0.094896644703294,-0.090733715143381,-0.005324884898401,-0.157658659798692,0.040105535745790,0.030910736515970,0.071736054902671,0.012753833240529,-0.068955088523897,-0.092464872998862,0.049613131795021,0.062381401858045,-0.082048231350751,0.003855441261666,0.029557152735433,-0.079907795885774,-0.023489786802324,0.151104514009918,-0.210439521027874,-0.021901443145675,0.070601246357731,Saint Lucia,110.000000000000000,15623.000000000000000,LCA
0000000000000000000d,0.036785774178390,-0.062015747753022,-0.096467368866007,-0.136018514986415,-0.145667361312106,0.025306649405061,0.193517394232300,0.027097131617377,-0.047051642579372,0.054707721026184,0.123814451940491,0.060714091435846,-0.158020945652563,-0.060624936673797,-0.004456969278833,0.057547670641052,0.001015252332600,0.032192900110365,-0.059506503068502,0.057485365369199,0.067094898043451,0.182419050297997,-0.015879849473619,0.015407417678762,-0.144727893494056,-0.087938009426318,0.089041292953636,-0.037380115829841,-0.024991197181347,0.070421809429964,-0.001341669269588,0.209919880522927,-0.009416452772741,0.058096971045229,-0.047185582653707,0.081767836040470,0.160420124285882,-0.026869858292155,-0.040838597409099,0.042702300966160,0.168413336597141,-0.317187549007948,0.100592708537934,0.069435681735006,-0.130960542361257,-0.028593383582380,-0.112356353818057,0.004229618281799,0.037277090664754,0.068184854106432,0.011806782422019,0.009341106530941,-0.107961523517000,0.086749383422293,0.065550335484532,-0.102421993295698,0.002345604437149,0.037572092282294,-0.102825104908077,-0.062609787885045,0.159816478060646,-0.197614100508964,-0.055139434965101,0.096829666614994,Barbados,28.000000000000000,16063.000000000000000,BRB
"00000000000000000071",-0.020336451692625,-0.014447821649450,-0.028415668625602,-0.018710662619189,0.164745595618750,-0.055286853202796,0.118417339235498,0.130793873841718,0.109518499822546,0.020150090707329,-0.018298752291280,-0.131242595684623,-0.148897608019946,-0.087839417362670,-0.063204842727461,0.052478709911177,-0.041174606803430,0.027271055267523,-0.091417647337114,0.091866503244750,-0.019040906928718,0.018388719059957,0.033854836739628,0.123053734041156,0.164440830575763,0.068509218742738,-0.168034727951470,-0.111194132443549,0.116963854896349,0.081241303028206,-0.111310770937015,0.057007745601067,0.204104945525776,0.141356209559177,-0.048458652176443,0.001140883506005,-0.171356915504019,0.008949735886313,-0.143782482101677,0.066247989932159,0.042672687141438,0.094716420448599,0.097252998676973,-0.201856040710668,-0.113195258681762,0.044260864708963,0.092184938929730,-0.114596092042539,0.017615003980037,-0.124429045238170,0.012674451791038,0.055137413385418,0.103158094182969,0.126382788665342,0.117059876048401,0.011611966550205,-0.019571915423654,-0.069238145295954,-0.136214929289203,-0.013067700750956,0.108237103809509,-0.182488331653936,-0.036918537762615,0.012243811752266,North Macedonia,125.000000000000000,16146.000000000000000,MKD
"000000000000000000d5",-0.087973889505149,-0.047162112410228,-0.047599768024670,-0.047247982324240,0.149709506332342,-0.098410017876132,0.133293087056014,0.114316756944543,0.087397576485477,-0.014877238217682,0.079837448526954,-0.048095918991489,-0.157581815675751,-0.030148321749611,-0.155557702264236,0.073137954867117,-0.085529017298518,0.042634294413734,-0.095927041158417,0.088346794242451,-0.056192096576354,0.011144232107533,-0.007949337864277,0.152822553277659,0.162467256179549,0.073932151547713,-0.094723530783798,-0.100197543100890,0.119722790313892,-0.001131240669937,-0.160344224534388,0.018356470502499,0.162532666491265,0.131260915804991,-0.033496215064118,0.085315292851556,-0.221838920048362,-0.065647763147052,-0.081776477355400,0.011667016405336,0.027693439744681,0.100185088419967,0.107178648185265,-0.138991605974075,-0.117454673647869,-0.044709084951193,0.142958230087372,-0.057298795337401,0.152135776844389,-0.161045555128396,-0.068020747165298,0.055248924205133,0.104580176733408,0.073336237254866,0.139335103864152,0.006784905017218,-0.017367268232260,-0.059326998508239,-0.117985282020379,-0.010313017553745,0.018806334452292,-0.186601644994886,-0.014499284583985,0.026750066152017,Serbia,174.000000000000000,17453.000000000000000,SRB
0000000000000000002d,0.056532239098384,-0.048546522665633,-0.045852798334256,-0.110506574602998,-0.085816674200259,-0.069835404428265,0.165227922520654,0.047066724634682,-0.057237635269051,-0.011754120399661,0.024615447398672,0.062244114397859,-0.122665883373188,-0.002639512326773,-0.025248567250312,0.037156042953110,-0.010972663213508,0.084033061649525,-0.101471986517718,0.088046964004267,-0.109818233602976,0.097491115189042,-0.000091481865641,-0.085494557410574,-0.118020107739714,0.004635831535688,0.093970681781210,0.028060035163640,-0.113920229041240,0.160533925104629,0.018645009837324,0.017769759760477,0.025117626862079,0.092660133596325,-0.110353582417674,0.016314435999701,0.130551160900538,-0.065029984253515,-0.123300046405809,0.047956438154623,0.194500193574692,-0.250255684618467,0.087434216973151,0.088264799377305,-0.136843005274265,-0.079174290826982,-0.135418909703992,-0.037388550508202,0.076489073891703,0.044542699584165,-0.005088820952501,-0.157993904623540,-0.029953616510522,0.123928628907679,0.069615988672926,-0.014085269310633,0.034789067842287,-0.018219264411760,-0.126458298264841,-0.189722609834040,0.113250166784178,-0.163173441278758,-0.047868087260587,-0.025378376615845,Dominican Republic,53.000000000000000,17484.000000000000000,DOM
"00000000000000000095",-0.001857891176531,-0.071019129749686,0.130774764509542,-0.054111256392573,-0.053855185532727,0.005933011355475,0.035680863062966,0.077152995287943,-0.051082570963753,0.137743710271188,0.014426350640053,0.025689407188721,-0.286002344303205,0.037310524263236,-0.016864232075741,0.042647194346931,-0.043196289942833,0.048063598970345,-0.155397092025424,-0.017675652909259,-0.217091286445890,0.224052070167566,0.045961253807335,0.008000764957715,0.011269613708919,0.062111961881261,0.099334140491218,-0.091254850667024,-0.213700216204273,0.158078283564689,0.048800706836765,0.018695731424916,0.001396042440917,-0.008349729574753,-0.013514574160436,0.054999692392629,-0.105366205837318,-0.020939628590772,0.066228944455818,-0.081255357384885,0.082128199364532,-0.096556908455914,-0.106332742555371,0.295934518373164,-0.101319407504961,0.022550361038629,-0.067770083968240,0.039212460616636,-0.091836279030012,0.038389001523597,0.056119991475407,-0.028377245859841,0.014871291903148,0.002399823250126,0.149777773605074,0.047680531300428,-0.029683122473061,-0.011923336718748,-0.088395859447375,-0.162433131111852,0.014919139547462,-0.098327012818120,0.058821569345577,0.017523168827622,Thailand,188.000000000000000,17669.000000000000000,THA
"00000000000000000031",0.088803053840652,0.012513267160282,-0.047821473568903,0.018457416132571,0.068758467652811,-0.140172559376056,-0.110888130877865,0.042304539239432,0.004234672465354,0.170910008575336,0.091266129428205,0.124728531771263,-0.113190381502123,-0.056035590551403,-0.128430067765808,-0.224775095104235,-0.071744937951494,-0.042381750609730,-0.137381056925403,0.020058725677988,0.023091386335413,-0.010640707983621,0.208338336981000,0.253235132110601,0.044461340187667,-0.025204392834372,0.123122277660535,-0.117682799481413,-0.027184881307527,-0.108139744129184,0.146811401599779,0.013830282927639,-0.214675911179042,-0.016193559717180,0.149079440967425,-0.034122675446259,-0.087698882178085,-0.075099307566326,-0.143303496083554,0.023787885245781,0.115067931421702,-0.020355372307387,0.008102536893337,0.077956790195803,0.005537947101696,-0.130639415381701,0.000821223910974,0.045785955266777,-0.101595456985439,-0.012096778220402,0.252740275266202,0.026672072529842,0.056963433958863,0.052396477155654,0.156125971170992,0.051510266737660,0.083176773804682,-0.027401616194967,0.134929258995487,0.169303431526423,-0.047402492093682,-0.106908118156054,0.200306598096906,0.028224884518177,Equatorial Guinea,74.000000000000000,17765.000000000000000,GNQ
"000000000000000000d3",0.005655326745096,-0.089858452746180,-0.112375154700816,-0.153070495218343,-0.051916811085689,-0.001082632802553,0.141582211694226,0.110514655624363,0.018479433025346,0.117376342148301,0.088679868222632,0.049868170335215,-0.101214182142721,-0.103866556626367,0.035914686045461,-0.011759743253086,0.001568912638744,-0.076545157036923,-0.040956438969634,0.024514170369964,0.072730265398510,0.182690563677982,-0.041588440756947,0.123045086037175,-0.109191135781898,-0.201062063357625,0.049784712198281,-0.133583309813156,0.030422205135199,-0.015106493394304,-0.066585634261376,0.339392817697179,-0.050828753990842,0.023306361052169,-0.078073618928345,0.037032209427021,0.175100432833038,-0.034606558397632,0.019025999054555,0.031758170193132,0.112035590358043,-0.310614200582663,0.161843898017504,0.084579830412910,-0.097486715449985,0.064821757289934,-0.121898187848632,0.069673909420882,-0.043490489155299,0.049502793170111,0.061152429762141,0.057294292045627,-0.195807820430596,0.048263898386081,0.116010120082318,-0.044102265977865,-0.009398299660841,0.036963379284329,0.002521573425463,0.015026566865612,0.127351981011718,-0.168953026460288,0.030417652529060,0.119936633580519,Palau,152.000000000000000,17816.000000000000000,PLW
000000000000000000ac,0.099449071737801,0.083436468119873,-0.041332292171383,0.007751695181345,0.054016513718449,0.031492222888439,0.170559324816996,0.089594588756038,-0.048568423966836,-0.072132173515232,-0.048245151774778,-0.081066425419375,-0.229586540829036,-0.059884338832550,0.040495414102676,-0.025955976002299,-0.060715731095117,0.081032685335582,-0.040112699083221,-0.006514953440767,0.074482119807085,-0.080235305624553,0.047899854078468,0.027514780698477,0.000128354587542,0.134085124376883,-0.042217504992191,0.026273376530318,0.240110171966039,0.085493886709383,0.090905080048659,0.046014857971023,0.197220096121028,0.078915550886888,0.020896396118652,-0.027133272130522,0.010058757486103,0.010349902755709,-0.243269056960883,0.167354438813220,0.140007376976502,-0.140718692925966,0.053332893644635,-0.173717960681352,-0.024181446070711,0.153825219084029,-0.006140329539424,0.034912104027582,-0.072850090100694,-0.011112060484851,-0.039824683790801,0.092088236101789,0.042977835188616,0.026392262414252,0.086883654429527,-0.128908566112660,-0.015312854310253,-0.021456339437914,-0.080261406952262,-0.094152661896128,0.109857653061043,-0.142795472765324,0.020506682355004,-0.005244425135774,Lebanon,107.000000000000000,17938.000000000000000,LBN
"00000000000000000090",-0.010306197550104,-0.059982518291717,0.001703274279342,-0.157700184074243,-0.089615240656547,-0.123719799048840,-0.009914783525584,0.027123625105815,-0.083775292915496,0.147908840498231,0.083495611745145,0.103947321530496,-0.056091584116105,-0.101096901996317,0.002793832634723,-0.152265424586999,-0.099733456753662,-0.000266539476601,0.008866282996111,-0.012810563026201,0.043998088241116,-0.000534988759589,0.316691249616248,0.281129286600124,0.092834989473011,0.036524545496027,0.215032610801851,-0.122368333708052,-0.102919872466324,-0.009615236457840,0.216815960778283,-0.148842819451549,-0.143206582872599,-0.075746729590341,-0.104226179976400,-0.046124938589456,-0.029004628129467,-0.092188439153977,-0.216850428483864,0.008542522657022,0.067445319230193,0.087464870336050,0.083590016323118,-0.021685870475140,0.106577590376560,-0.058821690750600,-0.136751265226103,-0.048674920061350,-0.039932899893933,-0.011426011623868,0.223651667544063,-0.050436636714673,0.067852303185744,0.083690219861563,0.072606719493222,0.160702755042603,0.187031260466790,-0.048938566597453,0.118214791327509,-0.072328274858519,0.124643726019438,-0.157561652978478,0.053385744258286,0.064492481292322,Suriname,177.000000000000000,18438.000000000000000,SUR
"000000000000000000e7",0.035816318172101,-0.041609553294158,-0.149388149558585,-0.152014847272279,-0.159462819172969,0.021655771406186,0.155308890548739,0.050734979105498,-0.035184214475486,0.078165616138783,0.169837844576000,0.028208630552705,-0.171369860153382,-0.116732425405570,0.024810523038435,0.038254401383630,0.067787257655248,0.021636855030497,-0.055085332223947,0.031120395781944,0.121885188304103,0.214958605671681,-0.003045055213534,0.123360924804234,-0.106062613807817,-0.170178586664879,0.075062713072928,-0.077783150114800,0.032378298939575,0.055912607596059,-0.036709326277147,0.274353541061899,0.016814558949162,0.008098701051436,-0.101912493709334,0.035579765926631,0.139187942328772,0.023767986648772,0.006817408707094,0.029938201506320,0.117555343644668,-0.310932093135600,0.085533684966420,0.085988481470298,-0.120584603630548,0.007965334883678,-0.119840268526639,0.026919277868383,0.003929995425000,0.083748701441526,0.016261489014005,0.049398987034017,-0.113261514771785,0.071203884009964,0.045528176017124,-0.083847650380574,-0.020302131532391,0.046839809451128,-0.047625623106009,-0.066536423589297,0.114279852444500,-0.186407239742638,-0.029339871039956,0.171311421825261,"Bonaire, Sint Eustatius and Saba",905.000000000000000,18631.000000000000000,BES
000000000000000000ba,-0.022595121820540,-0.050226031214339,-0.028504201727472,-0.142402739791075,-0.090885928343913,-0.152892901926866,-0.035943102924024,0.026106388123637,-0.075710580210255,0.133490573776510,0.077484124179516,0.126260879752711,-0.048424104828084,-0.107494761892400,-0.012315390487522,-0.171980375964401,-0.103976863177116,-0.001436144010493,0.012415576252827,-0.020566228153132,0.044642181885373,-0.014475576924354,0.319547552668619,0.298253353963380,0.109728334202444,0.037236768752167,0.207291639498103,-0.127147376580070,-0.075259495499191,-0.037245942006829,0.213917996417832,-0.137877482068076,-0.153159493770171,-0.087095969948333,-0.110028887919708,-0.071022651013442,-0.030903599120758,-0.104862093051560,-0.232741175543277,0.031934647046595,0.051651301485566,0.089075612057051,0.102062730409150,-0.075752976566612,0.112902452116064,-0.065385589721428,-0.119674960297817,-0.051151442605077,-0.023067915340899,-0.011785643712230,0.233086724212863,-0.040185046252444,0.074698740764966,0.089638166349359,0.068682350767330,0.165170358078983,0.198408199951787,-0.052418224424431,0.141763172188539,-0.036776179007268,0.143086260279436,-0.150552221115934,0.060023393933635,0.068079626319887,French Guiana,916.000000000000000,18897.000000000000000,GUF
0000000000000000000e,-0.063241149736656,-0.123748789607520,-0.154753542386865,-0.186548890849020,0.039917989865390,-0.148388923712012,0.071236078804456,0.215009344540481,-0.002657578865020,0.002831215179950,0.117415985237768,-0.039021573022514,-0.113848793283996,0.031338585435140,-0.259973546791830,0.062978421055075,-0.163710902667345,-0.003088040781463,0.083134174518090,0.046813044858367,0.028637596653832,-0.096729142709773,-0.066119739522830,-0.008932928830622,0.102243029893233,0.120862362644613,0.056218724739920,-0.091161242194267,0.196674183420661,-0.065332624158359,-0.067886923322922,0.037070362801808,0.058249368284877,0.096107361265819,-0.038938889641393,0.226871227955128,-0.083213074997890,-0.057399424957443,-0.091506847374236,0.010675699166978,-0.100372478503112,-0.001468211360440,-0.092430123484525,0.056370779536458,-0.045097777410844,0.003727070025084,0.149335606830337,-0.079890540704659,0.208022449903081,-0.260139407314465,-0.082978290486142,-0.011943322387786,0.088877988479624,-0.079953611255044,0.103568298253436,0.134702945897519,0.071245649567093,-0.026294228029636,-0.069881626629797,0.006833478476645,-0.064341813751040,-0.041338711593523,0.049655209918429,0.105235029708320,Belarus,23.000000000000000,18975.000000000000000,BLR
0000000000000000005e,-0.014304769068317,-0.114881009160901,-0.139789013398239,-0.140857594379644,-0.067131993399806,0.015450793730521,0.149825038451528,0.121894984794250,-0.015270018617795,0.124703494127008,0.147085775148322,-0.018772259494579,-0.141268451292687,-0.118120844880068,0.093851595079391,-0.008534559123430,0.038368673397292,-0.074136748979431,-0.027223747321728,-0.005314603028379,0.115336118905745,0.228052207063438,-0.074366083851312,0.142893766613354,-0.100501541828065,-0.209436621521864,0.035869782489172,-0.172236893337267,0.075015341820014,-0.015890291703963,-0.114515571334055,0.427916280193720,-0.033466446292312,0.008440181985635,-0.095985548411464,0.040570064917150,0.175501387886290,-0.021839049897425,0.061927330838479,0.060644723960662,0.059305589002848,-0.310683441803066,0.135586624539944,0.092817040433038,-0.110370640584226,0.069431716532430,-0.128523119523917,0.081668909456390,-0.113106519225659,0.026330781388833,0.066240526701424,0.123914862599618,-0.206393697223749,0.044892526413671,0.079700884998983,-0.044431785020114,-0.029146012730562,0.086315621854345,0.008263035610234,-0.018449411463786,0.129425574219158,-0.172791504158510,0.023779560734398,0.180149844071357,Maldives,122.000000000000000,20150.000000000000000,MDV
"00000000000000000026",0.036055835691624,-0.042113195978623,0.084267335787369,-0.134493430949388,-0.035414652332187,-0.038599064646963,0.125114077878621,0.057078006825672,0.045201711668548,0.067033331572284,0.007439874599407,0.087527565132245,-0.156699931789977,0.049948521405982,-0.046350127137528,-0.032975948431490,-0.007589368851854,-0.003888322918547,-0.139203790317161,-0.009919747711759,-0.174770662747915,0.089103159466052,0.002782935002938,-0.006060440263873,-0.085043505521061,-0.030191154908778,0.062824481553604,-0.101193133455798,-0.187313834568769,0.073352934341715,0.031175405310533,0.001201487631465,-0.058973673492283,0.006279117387906,-0.038485072888820,-0.001045044888051,0.092172395117413,-0.118203416142247,-0.068004750345119,-0.083780383899740,0.165987458139078,-0.239474916447740,0.007414162006749,0.214586492600608,-0.114876309630876,0.028185796489382,-0.115025049272591,0.054151308268862,-0.000562152787361,0.020073327099476,-0.008686870401441,-0.144075538979072,-0.004543985873749,0.084627354375720,0.168087823462931,-0.008594920529067,0.059685276311296,-0.005668732853078,-0.094994310172867,-0.170725635028368,0.088307047665563,-0.053328186143025,0.033923946759417,-0.088222890818923,Costa Rica,44.000000000000000,20503.000000000000000,CRI
000000000000000000cf,-0.005776072815007,-0.020876241165099,-0.039712275367559,-0.004942890106774,0.131612149481840,-0.147110465256878,0.102831243227114,0.161302402857346,0.124265030515009,0.070741455175334,-0.038870461946501,-0.058837914835138,-0.131924014784850,-0.062453693237522,-0.105632144876622,0.060039231685592,0.009372584844427,0.025824959457805,-0.101077623387944,0.055060103793878,0.024296067703059,0.028578399846253,0.028672509276107,0.072751997806806,0.106657273119593,0.029452729272565,-0.185031211879373,-0.154572426072566,0.102580656483729,0.066505404644219,-0.088425759078537,0.091368295575102,0.160745812269729,0.129469169116594,0.021136170500054,-0.016002435368266,-0.133687149637649,0.062436786834178,-0.151122211015289,0.046590648930410,-0.006139676954792,0.146085562613105,0.016843184032410,-0.114128750227641,-0.134157093316170,0.108542289482363,0.065194972801073,-0.132913539390265,0.033799461035528,-0.113372931833973,0.025296672192111,0.045318563926330,0.045184041175995,0.200797359290353,0.139990280650924,0.019019084675743,-0.018440347185663,-0.011573588946111,-0.079418088104722,-0.019049245077149,0.065810004934429,-0.086504102065891,-0.036280592575242,0.013928006069100,Montenegro,129.000000000000000,20687.000000000000000,MNE
"00000000000000000064",0.071166172019199,-0.052299417119464,0.022319318848697,0.033011052511169,-0.071110892707915,-0.113634431603027,-0.007714761304059,0.120611242366569,-0.060616869829280,-0.012576296869542,0.071312052041829,-0.004614513087580,-0.239817777555095,-0.051578259772009,0.059317867767175,0.013626255348036,-0.057248474420492,0.113168334357030,-0.045296664512975,-0.083269069327109,-0.166707038046884,0.044100636000130,0.072451166235260,-0.039846850699276,-0.100903863930622,0.027226185981763,0.068971686035076,0.017514744010876,-0.059046846648455,0.089819167037460,0.064225178593311,0.059513028439008,0.048586193454686,-0.022871269714212,0.019511723936145,-0.031020702505133,0.066071414889818,-0.034573000551224,0.028707939263360,-0.006895713878463,0.128251042453561,-0.124715183106057,-0.053952987021156,0.088321581493822,0.005929610147404,0.037353944118600,-0.012128643436436,0.002481535750546,-0.047053275166651,-0.102195564345393,0.037445333282019,-0.011677347258318,0.022426701645328,0.033647712361979,0.060138151404539,0.021980848513905,-0.072323792920819,-0.049968552854175,-0.107225436393355,-0.248584310862936,0.032233380467899,-0.058673754017828,0.020787301959436,-0.006159892186347,México,123.000000000000000,20789.000000000000000,MEX
"00000000000000000017",-0.055122565027352,-0.040623594364263,-0.069943520672802,-0.042315697955175,0.165594297262870,-0.029225744006898,0.143147039220955,0.129029897685152,0.102762708402683,0.006875864694860,0.033148530709543,-0.064988456017568,-0.160728962858109,-0.010463849916971,-0.094403035639754,0.061461726772711,-0.093670229894965,0.045647988301670,-0.069046216170818,0.073679901376680,-0.039229146848889,-0.005538009666296,0.031847472099206,0.136503115896346,0.170289836048137,0.053363185650712,-0.105223156544291,-0.084846404875007,0.151686584751747,0.011687529987303,-0.114784151050854,0.020368643094368,0.176908653380415,0.119191086326903,-0.040220117486422,0.060112809759062,-0.223963236626362,-0.071170082632754,-0.073245418556315,0.071083518077140,0.038098244246867,0.054222891258336,0.109196442657331,-0.150013076786083,-0.109662794307127,-0.027101493773754,0.099197720303583,-0.049946309250140,0.116079854861500,-0.132422751950097,-0.041708688401205,0.046885398079485,0.094915519477485,0.065492302890400,0.125206816062999,-0.014152094239040,-0.031486979094089,-0.061357941031225,-0.143618481850228,-0.025346905261829,0.015949926108420,-0.197466610888348,-0.007483683892103,0.031065798814312,Bulgaria,19.000000000000000,22196.000000000000000,BGR
"00000000000000000004",-0.003465056202346,0.093283125407709,0.071340776267687,0.061750386253843,-0.148294830276996,-0.018330989576482,0.112996214277733,0.213178765890441,0.018856979503305,0.093663843301043,0.144411202921085,-0.051981957806077,-0.009595253351016,0.122301190374461,0.024986281961160,-0.052042251426109,-0.026623647316044,0.131455622291917,-0.030102624430054,0.049830030501811,-0.067246273953539,0.040263583667271,-0.109099556281650,0.007616389395855,-0.071234538593843,0.005863065664417,-0.060612959967616,0.003302529150832,-0.036590721550677,-0.138839258170402,-0.126950275215445,-0.133690894907915,0.005528461913202,-0.245539294439721,0.012926621868521,-0.048229874425771,-0.005699204441857,-0.052709157149329,-0.042157826447089,0.070978144021278,-0.119104245961375,0.055767492394271,-0.013892723315402,0.035491352931484,0.219804899178301,-0.155948459571836,-0.125011985166837,-0.032589891313744,-0.044596014283104,-0.046427952235042,0.101655118269149,-0.065824123420568,-0.080009864139666,0.046702650617707,-0.022353469847212,-0.074418340327661,-0.027760854142301,-0.048387965753458,-0.067184420332147,-0.033215946337270,0.075747231221006,0.127539305327562,0.001625981200879,0.022147108427134,Argentina,7.000000000000000,22747.000000000000000,ARG
"00000000000000000063",0.008107199682044,0.003044314180949,-0.123010658153535,-0.158532408474472,-0.121655435908052,0.004832976566970,0.150494264737431,0.197971001422715,0.004968452673860,0.075688959803591,0.030319928965577,0.079060781420560,-0.018268564490848,0.027949015594257,-0.028973803351187,0.068730195780445,-0.060031265729380,-0.050463138711395,-0.012634552581776,0.037188646296035,0.125930323723783,0.182740191875942,-0.131860092651118,0.109300212065631,-0.181862816460328,-0.019369849579426,-0.035116420003925,0.074428597990728,-0.029563640674110,-0.076928190567161,-0.102985799103544,0.128397395932946,-0.017330547876369,0.001443275178492,-0.042633620318792,0.075196776296404,0.078683770285514,-0.022519584213607,-0.072728525950306,0.072432097166309,-0.011474630515096,-0.233701883117426,0.109852510435538,0.033499676109988,0.030062795434489,-0.065748621715870,-0.075580511789366,0.011706187377745,-0.042992738007710,0.048511277386720,0.056401504599185,0.030478418091416,-0.199660215062304,0.166345009036751,-0.008743416326687,-0.151199607477879,0.022458973440773,-0.039314841187531,-0.075562001891343,0.073040054387077,0.115519116349711,-0.173046296979564,0.002291895670356,-0.063973066727152,Mauritius,134.000000000000000,23019.000000000000000,MUS
"00000000000000000003",0.046361096653161,-0.068823903747559,-0.147939644454210,-0.144126966312382,-0.126858722346203,0.000619479872134,0.176255279365612,0.066262703878645,-0.061417859905647,0.071486882409406,0.157514052556678,0.047212509931581,-0.140093090477080,-0.095149528226039,0.008219858187832,0.038238857929730,0.041472648200869,0.013688475282948,-0.047795395389922,0.028810938328852,0.056993091509122,0.173928079951462,-0.003459686213765,0.040462969312416,-0.115817265997439,-0.125560862610869,0.117476243307116,-0.022325748517564,-0.004235395054740,0.078407469834446,-0.042022099230951,0.258219911899283,0.020985102280493,0.057886866449894,-0.085508612919667,0.041241397341107,0.163212667774508,0.006337791678975,-0.014287588311853,0.057251170005576,0.182046983577897,-0.299490081218143,0.124549596505222,0.084381743488727,-0.110974047628137,0.013494828747049,-0.105698287126450,0.004280846183603,0.039281099355258,0.077807615169681,0.004965798980611,0.021128741554698,-0.134135404752049,0.049446762467597,0.046044351935129,-0.076493382296989,-0.035580758882479,0.026367502859077,-0.050529797100228,-0.076259798271083,0.141901613406681,-0.188025905665140,-0.053521955119151,0.139915983563821,Antigua and Barbuda,10.000000000000000,23051.000000000000000,ATG
000000000000000000a1,-0.020944907004866,0.052252614521559,0.156016319023117,0.100372507443114,-0.175245527794333,-0.098723657841373,0.202868125967048,0.302886251256722,0.083127204557609,0.140143499159596,0.059708929791510,-0.090235535505347,-0.008766903416612,0.193358260742684,0.051363346765916,-0.038902551557449,-0.123360572899211,0.207077803422465,-0.021433025166996,-0.007803054852890,-0.134317967741296,0.024322202129372,-0.122453209978004,0.007309889543184,-0.006341740358297,-0.018601499045548,-0.093785440536364,-0.095730564980075,-0.135957428683442,-0.122769927906219,-0.109361173561722,-0.114526241240009,-0.067098021577782,-0.201927298287092,-0.130323244800753,0.033970359602186,-0.005192421355105,-0.043999120719048,-0.008005139464122,0.094670646580226,-0.133927396711930,-0.025195606045072,-0.115258471557503,0.011222984161767,0.278513643420445,-0.166565167682385,-0.077613400733257,-0.070610953566392,-0.016461746505615,0.072432153545740,0.091635115101337,-0.075525667751913,-0.250067710269160,0.115358102527830,-0.070189229990606,-0.077787318270961,-0.052671763094179,0.066153300054805,0.042966588232632,-0.049781515376726,-0.020320648624559,0.105348417386697,0.029085356987458,0.077453522042753,Uruguay,201.000000000000000,23388.000000000000000,URY
"000000000000000000e1",0.048058326995486,-0.045963331631012,-0.159446005097259,-0.127742172864356,-0.095781324749581,0.015186875384485,0.160664490291536,0.089834638181176,-0.011125169161880,0.064093500208834,0.191845209540933,0.014834681486176,-0.178856875162882,-0.132574943955664,0.057127510145465,-0.000576466371489,0.068440585007508,0.007402816796280,-0.046558579076547,-0.008498825852666,0.138064196139311,0.191323059188134,-0.002157423920863,0.110409815207052,-0.112550056542189,-0.190501745275830,0.090979007327872,-0.084823381485263,0.055668441752686,0.027548363079620,-0.083206990002300,0.329072681297833,0.031541147643453,0.004880919849732,-0.099942476589356,0.029566029593254,0.169245125324129,0.021381014834163,-0.004263669682606,0.019019795289633,0.110260732198479,-0.336913085901108,0.112727931891061,0.075937841089599,-0.103212685315175,0.030373452390689,-0.122607156212617,0.022124287697862,0.001443615563198,0.085252960558549,0.001726545668514,0.067840439689489,-0.134064720174894,0.035421427303616,0.040124723633882,-0.103871834123461,-0.072940561909084,0.037397035047965,-0.017381541197189,-0.070999152691218,0.131436004735079,-0.233581681873121,-0.013416574240241,0.226160095640014,Anguilla,901.000000000000000,23754.000000000000000,AIA
000000000000000000c4,0.038606465528232,-0.057270845983638,-0.149268754295935,-0.177143194523954,-0.163873953836521,0.010818041809851,0.166209128661615,0.037785715996025,-0.049149558615823,0.076398267701014,0.140104911778517,0.041588538142339,-0.152416995235565,-0.111304861830694,0.019780323377979,0.041278431295951,0.066376171729862,0.040582746167756,-0.034310145002643,0.049959068386158,0.088025099361305,0.222380775717716,-0.011901092904109,0.091423743659775,-0.100616275435574,-0.144200779971376,0.084044019642143,-0.060735419925276,0.015674665676341,0.059775266866902,-0.024870416365183,0.258227778276603,-0.006135632950724,0.032560193160115,-0.095452636873765,0.033546070087774,0.139851060814418,0.002862971429740,0.015695666911168,0.047641868328751,0.137376922024819,-0.291691806733733,0.090418922125195,0.091246114690141,-0.115994980341012,-0.008295779329062,-0.114464655131630,0.006423824994953,0.011712394390101,0.082135752708748,0.019758189696141,0.023221606559294,-0.132083480203813,0.099035873439389,0.044823872968252,-0.069919175487059,0.001789360598001,0.019957170548651,-0.060763559881773,-0.086744353658065,0.137825893709052,-0.166166670209318,-0.043418192026043,0.139298432680696,Curaçao,910.000000000000000,24402.000000000000000,CUW
"000000000000000000d1",0.045422981887745,0.038197022448662,-0.130227228675747,-0.172151340853945,-0.102095906037956,-0.086931295795231,0.053965691549085,0.234291640839867,0.046750116728892,0.087546208636093,0.024205645862787,0.049381112202921,0.017593766351273,0.048577460440666,0.005516714222463,0.069830208048851,-0.058645002288724,-0.059269728795417,-0.060802941026630,0.104486470957917,0.000760616672389,0.104819003444065,-0.136135759233259,0.103941512457356,-0.171215729670967,-0.023578225382466,-0.057007802544551,0.091995128866197,-0.051292728600823,-0.063648485357854,-0.081909097471183,0.081476856783519,-0.011753635173482,-0.031936716382966,-0.079578374310123,0.007343893409052,0.053094504505759,0.010004804731983,-0.029871023503341,0.118007936924529,-0.057902447869753,-0.134749914316610,0.132988943348480,0.058054544376258,0.091147305692067,-0.052194791329697,-0.113531809825942,0.041819870527607,-0.016863208573137,-0.010894313758549,0.051374918058219,-0.055740007029755,-0.131712295394465,0.154050074036520,-0.044222315597881,-0.163732670688212,0.022678367342784,-0.099196639292324,-0.025159864505534,0.047321288457624,0.089510900936108,-0.154878901659251,0.019895269673085,-0.098036779167610,New Caledonia,138.000000000000000,24584.000000000000000,NCL
"00000000000000000020",-0.026836283487906,0.012076427771390,-0.019264174115812,-0.131049868320530,-0.159912963120103,-0.034803296217879,0.054885081764542,0.118540848030280,0.117170910064317,0.054412514168199,0.171677881384612,0.034169898744075,-0.020434137858538,0.094825705611666,0.097121811240588,0.029596252805173,0.020636996759859,0.018080074219455,0.031979736129112,0.020524607379229,0.010612399763195,0.059903323886926,-0.049679961597865,0.027332364637555,-0.048237812131460,-0.029879625464680,-0.139034783232665,-0.063065271014460,-0.109339199562827,-0.143368392623267,-0.056863349698011,0.020620990647430,0.005295086678463,-0.160060369977148,-0.027039915969362,-0.153488278065134,0.035004838837903,0.007892367667516,-0.032382437282263,0.039401109001565,-0.061956515693005,0.012206688176283,-0.042804810243930,-0.016369644606471,0.162052274663475,-0.043211620591675,-0.061269350517216,0.066755644797592,-0.100633682308434,-0.049134662131923,0.009182807948441,-0.023428458765168,0.040570632284631,-0.006584544668195,0.047335969614772,-0.090372173329801,0.000256891087145,-0.011373683023156,-0.095878307841979,0.024049255561780,0.053277956162432,0.045360115126569,-0.046711156810494,-0.032616138797468,Chile,35.000000000000000,25072.000000000000000,CHL
"00000000000000000051",0.098395083915889,-0.003769928550376,-0.058364546248325,-0.175020453225475,0.182427922948392,0.099892287024950,-0.075191431205483,0.070387745458026,-0.057884398062018,0.091721868965941,-0.027163904850636,-0.146911347152273,-0.214604983823588,-0.012581622666940,-0.241942030147369,0.240685630882506,0.012101455752104,0.029528979120285,0.073188607288338,-0.008176446877491,-0.009402143704462,0.036430616390938,-0.039438754357776,-0.035799714418263,0.007676748804952,0.136054845485607,0.120524336390693,-0.123696375713788,0.257078397979130,-0.083364185235402,0.044181483827172,0.024678061305075,0.074058109552615,-0.111468700148584,-0.086899736233045,0.162634179812735,0.064548567940347,0.105063462461430,-0.003075064742362,0.012251998574716,0.041799287868955,-0.089313669690694,-0.013149717398910,-0.142687387995795,0.067749072767342,0.067009691861359,0.056220874572972,-0.090065310415399,-0.002546721596623,-0.122031373787640,0.176164811596151,-0.229018164305060,0.040821355859400,-0.046984046835841,0.017348644804303,-0.011778736029846,-0.075714726621083,-0.115931237744284,-0.012190483508196,0.100826474549959,-0.023253490950299,0.029474943162514,-0.074802311963185,0.081400746174851,Kazakhstan,98.000000000000000,25544.000000000000000,KAZ
000000000000000000db,0.045282974117626,-0.077464645201805,-0.152831348329479,-0.079627914597546,-0.110232133185860,-0.029361751851555,0.175975637255033,0.026253114695834,-0.095551611807210,0.141906189580691,0.190902114975159,0.013363945616283,-0.139344798581312,-0.119023568807231,-0.016495475475019,0.061173702840770,0.072032964300273,-0.060779815493916,-0.048968399651825,0.013978823164243,0.073998011232997,0.200255359446408,-0.032005630206829,0.084922604215920,-0.086891200977351,-0.122565366767069,0.083593061436071,-0.051936529154534,0.013155441714531,0.061585497599317,-0.072754559405349,0.236582949717368,0.062143426700633,-0.008263157755803,-0.102139391173875,0.028526193324542,0.156727158619850,0.062873804599064,-0.032526313690822,0.087495611273222,0.089435919352344,-0.240243759339797,0.132291675117702,0.075485446107893,-0.130677284825964,0.053571794813870,-0.132430459484149,0.038235902738078,0.012832325444710,0.089145167675649,0.040836294466162,0.093828630885065,-0.147872344304921,-0.003229195395445,0.083611709844646,-0.064397929129640,-0.036821595221598,0.063982523616149,0.023716684779092,-0.063174549579301,0.071297166845729,-0.181049059975366,-0.069625165310808,0.199918966859241,Turks and Caicos Islands,185.000000000000000,25568.000000000000000,TCA
"00000000000000000059",0.004294803861807,0.040884831637639,0.109032948405463,-0.061363616531100,-0.102692600963913,-0.001287294406069,-0.051450869832603,0.109147122266977,-0.124268266044214,0.122099064558170,0.005897684585947,0.009772517183298,-0.259709499182420,-0.156560287389934,0.112230955577637,0.089795516183250,-0.057944288943524,-0.010958533932621,0.085297455527566,0.027924681756959,0.066460227408803,-0.298327037059707,-0.148020812675676,0.005921647008679,-0.047512762864711,-0.115803437928673,0.155405857160963,-0.004105912128020,0.039281310517009,-0.110568920442227,0.048742354509499,-0.040088726920616,0.114517997624237,-0.026595397640242,-0.184801132953021,-0.147916293017357,-0.075136345907363,0.209971636221750,0.123011301456011,-0.137020823250383,0.234752566752071,-0.067845066587138,0.032238313003654,-0.045650580581514,-0.143696141348515,0.074349491246422,-0.043017080219252,-0.211017027524435,-0.044327404818994,-0.027617165597533,-0.047340799546777,0.035398605699105,0.030277291926150,-0.006491476334498,0.160474951955039,-0.190173701800611,0.074998193615153,0.114454277479217,0.014721988721497,0.070428952433578,-0.178286976536891,-0.016417992257188,-0.065686666729920,-0.048615219421997,Libya,109.000000000000000,25734.000000000000000,LBY
"000000000000000000e9",0.036792064464017,-0.064561688671992,-0.165526364785716,-0.123018949617886,-0.082798358343931,0.001621031951573,0.163307736237889,0.091864880068659,-0.021238700727671,0.060203492178721,0.190559940687678,0.006694266906093,-0.176998980796452,-0.131652220066310,0.051857626645464,-0.008065340791189,0.071094633747906,-0.004940344800025,-0.058326551715362,-0.005429554067769,0.136764149316790,0.192731431474150,-0.019535034532516,0.095113844763868,-0.113492500364712,-0.186072859742110,0.101752462025742,-0.085749580525647,0.052790794054721,0.027010991635349,-0.086952889154592,0.332129856706700,0.036534441766615,0.007308473014361,-0.095026461598192,0.024810976387861,0.165874016436652,0.023631052474763,-0.009886965262641,0.024095396210217,0.097208640505362,-0.343988868337288,0.120600431469376,0.080419158683628,-0.102830656660963,0.043315212720776,-0.125419845113512,0.035852284928179,-0.011972935150696,0.088765406604927,0.016425344372562,0.078002372528020,-0.141625871198785,0.023332310878785,0.045834410454494,-0.086742163351568,-0.077356894950513,0.042365843492639,-0.010432266545085,-0.055995648227251,0.130353555293542,-0.249571982952921,-0.014978540784851,0.227888642720729,Saint-Martin,920.000000000000000,25859.000000000000000,MAF
"00000000000000000097",0.008892196357488,-0.057944000305006,-0.033778073517430,-0.159092376238854,-0.128702245597996,-0.007308115600483,0.194378912945810,0.053966442165860,-0.042948602710625,0.070861990529575,0.058815661333889,0.101218811802673,-0.142425329217812,-0.016241468704925,-0.073572682154843,0.041087220924569,0.008752830142558,-0.006101957381605,-0.089594686748011,0.034895992003823,-0.024822145213297,0.179895553184541,0.056300237353011,-0.003127643266540,-0.122016922891385,-0.043113633838567,0.139932865844767,-0.077347884157542,-0.143066767270314,0.150948640945150,0.046066958653313,0.084426980754893,-0.015311018329276,0.036438566393170,-0.065859006925202,0.024717094831407,0.112943160029657,-0.083823408552588,-0.117364397481040,-0.044622223090148,0.158882707793778,-0.254714482614399,0.136575835609300,0.157858675265923,-0.096415416353721,-0.008893342490501,-0.147790908019624,-0.019084452690451,0.030439240485035,0.044789978319204,0.018910146780381,-0.108125220372335,-0.063925057112782,0.071862424498208,0.069978357087258,-0.014620701922515,0.062807685787304,0.019933577563416,-0.056945324499063,-0.063924346909457,0.133054569726488,-0.181717435923577,-0.034095701218312,0.029250890030971,Trinidad and Tobago,193.000000000000000,25865.000000000000000,TTO
0000000000000000007f,-0.056148941532751,-0.130244813696266,0.007819812636181,-0.179280554178608,-0.017942417437394,-0.092288339670517,-0.070797373085113,0.273111332539096,0.126539377728178,-0.012864746075681,0.119802102698475,0.015709274042083,-0.087942132991796,-0.035604554571741,-0.207452721853596,0.120501826183743,0.069727107144755,-0.055423922431521,-0.008284596486444,-0.016471601039085,0.170891380800106,0.001802783849745,0.020479643984855,-0.140814142171155,-0.002819848509697,0.229682243647946,-0.018763504694373,0.063970928952859,0.240043094600540,-0.138179111567545,0.068318996781672,0.018996963037505,-0.009039311216443,-0.001157644248867,-0.107011301822570,0.129597190512081,0.110141456177087,-0.074883594625117,-0.034677914556665,0.006279982522710,-0.039427631503717,-0.026672622044372,-0.151727144740653,0.045880643436721,-0.042167385634308,0.131491005030577,0.038708430333317,-0.169641684827382,0.001373784067221,-0.056695105925988,0.117699657182480,-0.072021764727487,-0.081786492872283,-0.069391659472421,0.069777148933018,0.144550101876539,0.035747807478425,-0.036488876631152,-0.039139655396434,-0.049226080370074,-0.178745756457826,0.089981785337936,0.018555461931461,0.100975987144378,Russia,163.000000000000000,26656.000000000000000,RUS
0000000000000000005d,0.002145860070942,0.015822018513981,0.006694128098770,-0.087169839422359,-0.003854649450068,-0.010664703513715,0.025277378761707,0.086383869886259,0.021713699621590,0.089645380560973,-0.038396522278025,0.191314863512315,-0.062522730884843,-0.013605747432542,-0.078855186775110,-0.214521085699460,-0.063125638960037,-0.031858412218929,-0.135567237534312,0.030085280596218,-0.083661458238555,0.033004587915627,0.096117295336624,0.200636798215734,-0.060193861494188,0.042600650232022,0.112111718721214,-0.157209491574644,-0.036370771523280,-0.034044389321522,0.150757202525455,-0.027002497452379,-0.100397678087453,0.002372097711947,-0.015299226717902,0.031205109672156,-0.002363088048795,-0.126523386976246,-0.155090138400108,0.015701180780935,0.125786998362917,-0.114705206035769,0.067325229680089,0.047692131449960,-0.074986535079155,-0.027996054476148,-0.100434656710539,0.019286417504421,-0.025141186903147,0.010865794132064,0.122681833866643,-0.069061942399906,-0.022161118694946,0.114765232003296,0.141458741351616,0.129576090948762,0.078111916034215,-0.002494182205327,0.052215056064307,0.174184669165275,0.017931222319799,-0.113515041178667,0.143667045168891,-0.098640905800448,Malaysia,136.000000000000000,26836.000000000000000,MYS
000000000000000000b9,0.063007212417341,0.025731331120995,-0.135951720625424,-0.116765470094206,-0.057544208620231,-0.067540862300421,0.070276683104682,0.182251757118746,0.050890107610592,0.010634106601610,0.021575667363030,0.051348496210678,-0.039341354927517,0.031306059588082,-0.044516668837689,0.057306580286664,-0.118579942455838,-0.054703561957246,-0.061447330577803,0.025342504220789,0.060025828154961,0.054905731375414,-0.158771651134738,0.105166767891630,-0.149829403118801,-0.000104678651430,-0.049623657849804,0.087242040040933,-0.002307679720792,-0.119613822798534,-0.130441805185373,0.116377264135213,-0.064980692106382,-0.002905774557306,-0.032481906711085,-0.020973713089952,0.071507380317113,-0.058445110946641,-0.089575220689850,0.075426639776682,-0.077064907807202,-0.159642899724045,0.069738528408064,0.011809156264918,0.071599237864519,-0.055999052590786,-0.144948566849988,0.063556997858109,-0.070796977973953,-0.011098625864439,0.042898277569863,0.017088570940184,-0.128544251762227,0.183156033032512,0.010309500512190,-0.175549608755375,0.074120119343462,-0.089912655308795,-0.059780035222814,0.061803614113816,0.116586761350138,-0.099015653495321,0.000242231492650,-0.158463906273089,Réunion,927.000000000000000,26887.000000000000000,REU
000000000000000000b7,0.049810776816333,-0.058189556544479,-0.108753771542496,-0.142514413426371,-0.114193121707280,0.004751405910384,0.152161422744610,0.080580790489050,-0.005075549171934,0.030371682659125,0.114298238111999,0.084921255188983,-0.162111256445334,-0.067400823981557,-0.015445253932818,0.031810524731646,0.008223786402343,-0.002137286244341,-0.086883690146030,0.034442395728943,0.046230610661184,0.142527693120850,0.017400489737770,0.031010732604337,-0.136225994636699,-0.119683196254364,0.102798373276525,-0.034391142473497,-0.008714602445410,0.081727972837138,-0.027706836655853,0.215720663840906,0.014501996884663,0.059241046934300,-0.066307124353786,0.042368730802802,0.174956922472705,-0.036691673598556,-0.040487228359498,0.000049109025428,0.170166162691972,-0.321280867742420,0.132877034017500,0.106056907470426,-0.090670367449329,0.014402498160580,-0.137653899539605,0.030610753716905,0.043899004654844,0.062003584917347,-0.011167728916621,-0.023037368417941,-0.101667660283177,0.055464938036061,0.067082352161160,-0.101405227446740,-0.026394568210844,0.023759232690432,-0.086913709887591,-0.064185582251122,0.157241341636414,-0.202175584974971,-0.037136587935972,0.107893324781435,Guadeloupe,915.000000000000000,27616.000000000000000,GLP
"00000000000000000085",-0.048887119288136,-0.104080967514377,-0.163149240847867,-0.153028572076430,-0.071854222306430,0.014040719504922,0.116615805914539,0.144752602596828,-0.003899056952961,0.111621076196379,0.097759513507423,0.014571258625245,-0.061515893640621,-0.107736401432017,0.066712526881556,0.006393907406174,0.010892043148714,-0.064023167938562,-0.001308860575332,0.044912967641472,0.121167072715318,0.234050006350300,-0.121604556487350,0.110149213145516,-0.133441000319742,-0.188871261335400,-0.003617007149869,-0.120904466891769,0.070387840459228,-0.035331237706111,-0.118868607239292,0.357840633247469,-0.038360291225381,-0.001677229908176,-0.076509753615335,0.044459836861633,0.116797293458446,-0.024728431313902,0.015414068704767,0.099998616999131,0.034579366020242,-0.287538468557919,0.132313843427840,0.038077476689155,-0.092611096461336,0.017633083865306,-0.121512165085956,0.053353191475540,-0.109842470788349,0.025012794985609,0.099689692912017,0.120338514164616,-0.201804079369705,0.068666305719948,0.029319568721089,-0.054357910836370,0.017484166691551,0.056949803129143,-0.031599833740791,0.040909663039713,0.133304540857257,-0.209295099090936,0.045751287076708,0.115172232961400,Seychelles,183.000000000000000,28081.000000000000000,SYC
000000000000000000a8,-0.065066230519633,-0.053984438242107,-0.086740586225125,-0.015357184788480,0.103876850954167,-0.082727710503196,0.133688295449391,0.133085252475118,0.119287272887782,0.009254140414952,0.067848102904219,-0.057689727552880,-0.149783813048869,-0.047349832856309,-0.078863205613096,0.032485685526910,-0.074490071904343,0.036891903985089,-0.079981862158348,0.096995125586856,-0.029366564696527,0.047878313421214,-0.003449521205532,0.153391128043903,0.101040731234872,0.073253606437490,-0.075259510541209,-0.138757015481378,0.140315891430233,0.004561524536643,-0.141933236405211,0.083624954872311,0.124671083899340,0.100411109413347,-0.004906321807365,0.029643457749737,-0.162033859690185,-0.063578348640543,-0.093929427515598,0.025368210039058,0.044189192555202,0.066279492596166,0.121897167512754,-0.075244603871236,-0.104679826625034,0.029690777743297,0.053959577105050,-0.059774127402529,0.130481386092053,-0.102586585921209,-0.104340143982445,0.090272474136942,0.042254630410796,0.040192261133683,0.116567194643330,-0.030654620996317,0.005251248430192,0.000739589742534,-0.078279846855261,-0.022104757374428,0.034661512202602,-0.185834493083663,-0.024667527496613,0.034597239629464,Croatia,83.000000000000000,28288.000000000000000,HRV
"00000000000000000099",0.060232016284102,0.015603935307768,-0.051691871722075,-0.070682365702518,0.177198220016676,0.071492181588859,0.171483768035148,0.069887214087024,-0.001105739866072,-0.010755288598333,-0.051382344271572,-0.101987800313606,-0.199658376778763,-0.030575644482918,-0.018877147374054,0.007209472691494,-0.065890819583625,0.020744874955781,0.001683000545512,-0.026876120785092,0.003906056947197,-0.023675325733475,0.045251027512696,0.012795534154389,0.064627836806687,0.044922293770276,-0.062418648366578,-0.045463605427372,0.191016971812919,0.079444557342586,0.031557345868613,0.011877030677700,0.223472417363394,0.034809544922063,-0.006918963344657,0.001979587229688,-0.078075924621811,0.036657896549313,-0.182554483709985,0.176428032860545,0.018843591299718,0.002790700243865,0.069580685109829,-0.225693918488400,-0.030987180457650,0.112549883517159,0.050207955481864,-0.025970335061202,-0.024685108672396,-0.079278616157638,0.009966841258532,0.028608073991451,0.042364041668272,0.039947500993290,0.140756613239626,-0.010307601087207,-0.091308846951867,-0.100979479860685,-0.139241744830442,-0.028251563376035,0.103990031328624,-0.142637501386354,0.009638613513781,0.037348264107713,Turkey,195.000000000000000,28652.000000000000000,TUR
0000000000000000007e,-0.057880356887115,-0.061368136223807,-0.064501298832105,-0.114139989522440,0.147431213697609,-0.082744172630774,0.125111129972334,0.133365151340062,0.047327118987109,-0.011384900727689,0.060349162202563,-0.047401125725561,-0.162090086060376,-0.006742016425137,-0.173384968777648,0.092301618992317,-0.089913403558573,0.040325602921544,-0.042323420939984,0.073148314759109,-0.036263203253950,-0.010588087752790,-0.004775496231410,0.119442603456850,0.144612395198026,0.059290535263400,-0.076237144744644,-0.125166056566265,0.137459772952997,-0.025244213317397,-0.132206442925630,0.014753281429172,0.153815738951155,0.096081791805860,-0.037851690061654,0.135870480239321,-0.183167027955152,-0.046739660388774,-0.090489570681038,0.012547187970078,0.003590028852767,0.073070919083611,0.052858677286267,-0.101808994107858,-0.095240178183881,-0.031707758639256,0.150925800300775,-0.033094483040467,0.138830527810932,-0.181934172439318,-0.039963394213944,0.019377264944391,0.101009980555608,0.050390015319812,0.130494744735016,0.041410209296472,-0.019698936719453,-0.066415578458588,-0.120643986120508,0.018357146955613,0.001696474806466,-0.144970504580816,-0.008794269084095,0.057991565922889,Romania,162.000000000000000,28736.000000000000000,ROU
0000000000000000003c,0.039959994747824,-0.042137783024622,-0.064152295634298,0.021232776469517,0.068810935111473,0.026227544290286,0.108471390774291,0.131968696755366,0.122911539608431,-0.012367200206788,-0.011276493677772,-0.071494785762922,-0.184093033786527,-0.071404030042157,0.056515963288656,-0.017639546400884,-0.039347348146876,0.047301263561581,-0.078352968100072,0.088988512594396,0.020828103986052,0.035819449521182,0.060558139263806,0.109364552650410,0.036303252025108,0.075375008251030,-0.057459337922860,-0.063291341890947,0.215747282215693,0.051333916072349,-0.021253505039787,0.119066887502024,0.166307547833755,0.128407742334811,-0.084517915888656,0.003329593735841,-0.031678568888708,-0.009637290989905,-0.107858972339203,0.145956968359565,0.090157296306403,-0.065190538250926,0.132274954097049,-0.128827695254686,-0.064655744001425,0.100441613657280,-0.062553792774152,-0.023781723939588,-0.003194518145834,-0.006187842110848,-0.025054661237229,0.080884221737820,0.002517859228090,0.027992342271779,0.080039089835687,-0.118205244293623,-0.013756596941138,0.014716510454211,-0.085966582874569,-0.067120218088524,0.126395567883330,-0.177264950416374,0.006736355620230,0.050869599221474,Greece,75.000000000000000,29141.000000000000000,GRC
000000000000000000b8,0.034140842667268,-0.042050694777703,-0.103115814666055,-0.140804858149053,-0.096730006722670,0.001503463543277,0.165388869460491,0.081252591836924,0.006066592527912,0.012178754315028,0.077694704219247,0.089467594049539,-0.149175979345688,-0.066206609482438,-0.037274116377247,0.038449684349370,0.004942150573024,-0.011288065782355,-0.089731271696640,0.040062245973506,0.041262268563060,0.154215785305712,-0.019099881183072,0.014258382875747,-0.151563172359964,-0.100625312176487,0.104413310031513,-0.049632149188405,-0.037774261787046,0.090623222821964,-0.041989336618214,0.205990405370952,0.018961007417638,0.079776103422033,-0.060087298439723,0.046524919061696,0.169463662197870,-0.061307358597978,-0.087061940902349,-0.010825718792088,0.153757361545543,-0.320526859605832,0.137841068103939,0.100743439742445,-0.101950835540683,0.012971775722899,-0.152048884221919,0.033383852049217,0.019345707297041,0.073448347317767,-0.004763262748302,-0.045858825038706,-0.104352213219874,0.053544208742911,0.068625810233192,-0.086873119158615,0.000029446091281,0.031198110029164,-0.085388275403118,-0.041157657749987,0.141620807844745,-0.204556768343055,-0.042228068841610,0.080467988094266,Martinique,922.000000000000000,29404.000000000000000,MTQ
"000000000000000000d2",0.003337010624586,-0.076463493381195,-0.134402359501651,-0.166404768264421,-0.084133691745994,0.015690515636916,0.163871524260504,0.089785154736653,0.019281645777923,0.067647757313870,0.106027739803847,0.049263541095380,-0.150027068848830,-0.096733530642402,0.031595893378394,0.016073606709243,0.006269774099350,-0.034259915500262,-0.060393807978995,0.001783225011778,0.076260596038344,0.195678726410074,-0.014594124889032,0.102521304798717,-0.109773828988078,-0.177555968314554,0.078512338992198,-0.093468687396301,0.015350128569386,0.013555190599024,-0.075100614065693,0.326563381161644,-0.027554758342839,0.074384021888674,-0.083838308017005,0.026978062566614,0.178411827685506,-0.017772732285135,0.051720918522184,0.004428229476663,0.148464179198615,-0.320879978097842,0.131410024824014,0.101942543835560,-0.091290219554057,0.037520704214398,-0.108289195336054,0.024297252700088,-0.026228418771169,0.078224289054401,0.015186316890603,0.036561037348532,-0.180624332890216,0.053278055624598,0.083841025885671,-0.055410475396118,-0.030994025314940,0.036090117545700,-0.055536029251237,-0.052785219519528,0.115098131698160,-0.158319375633878,-0.008863051781208,0.143041123515061,Northern Mariana Islands,131.000000000000000,29500.000000000000000,MNP
0000000000000000008c,0.039231353622745,-0.055601319593414,-0.142824932136147,-0.139866545578136,-0.102009008158161,0.006356900495083,0.157284454469265,0.091758636298859,0.001916472265690,0.020116894736970,0.120205518518001,0.052451189168201,-0.163323616185484,-0.099898416474706,0.022129495169760,0.027604525375515,0.025956535689291,0.003702902810667,-0.079656060575853,0.003076512440932,0.078232822672048,0.167768948415991,-0.002425124883245,0.080004185287154,-0.121390186792943,-0.155467713601736,0.113787454946901,-0.066003370482132,0.026978847698952,0.041935187742415,-0.065921385283982,0.285288286322213,0.025999246593005,0.050850527909353,-0.088076285655033,0.036830105220938,0.174847391240287,-0.022233175364157,-0.011903672719870,0.010412585305912,0.141061755271186,-0.321631415159389,0.129112593964469,0.089504995194160,-0.092164902771193,0.032927272232849,-0.137876216736974,0.036684568514524,0.000798749542724,0.079014755736308,0.008013499066770,0.011209694114138,-0.129291353934251,0.040149542980165,0.054818775489271,-0.070515237450909,-0.037350723242764,0.038502400404687,-0.073341103124100,-0.051450028043654,0.140529089794364,-0.198972724971511,-0.022687111348456,0.147997231845111,Saint Kitts and Nevis,103.000000000000000,29934.000000000000000,KNA
000000000000000000ab,-0.097344283451553,-0.105349513945377,-0.175649729805744,-0.154077952089284,-0.045939430271468,-0.180321879652028,0.054808511050180,0.223774300647610,0.045796539839170,-0.025003617918596,0.129784547679145,-0.023830643328957,-0.083513757471574,0.017625782795457,-0.262648501250120,-0.024433721240889,-0.156466597763836,-0.017045808037268,0.067366316578153,0.021975937286837,0.048909566673758,-0.093623114844365,-0.098721811154011,0.016763768793598,0.076534281901200,0.107615601114856,0.103584714562924,-0.072728830760180,0.180741078827496,-0.000469740680118,-0.038769240311203,0.087546364374282,0.042836345924027,0.084359413989986,-0.027021769326496,0.200355686803510,-0.044896403737759,0.004760748619520,-0.082814338967832,-0.010349996264364,-0.119806582742614,-0.027645105916760,-0.085329108689316,0.071583019415712,0.009436670431107,0.039585869756375,0.099536424913752,-0.126709189838622,0.246132356296646,-0.265375941983982,-0.149844486865122,0.021810317526370,0.081473649162249,-0.155576679139750,0.136531187064516,0.130195938696817,0.103145950443718,0.003389882418076,-0.092021305315376,-0.033513931972033,-0.028116222898619,-0.057793766307584,0.071096269001485,0.093817359181746,Latvia,116.000000000000000,30051.000000000000000,LVA
000000000000000000c6,-0.015913906193596,-0.048221783198735,-0.164025741295030,-0.182752006590573,-0.085652738400208,-0.019978424006473,0.080020131494439,0.145467108309928,0.049344029148843,0.066819180804602,0.057115989087120,0.048389863129363,-0.048083531911571,-0.042718362365484,0.001573404824171,0.030405892724087,-0.041332004018539,-0.081083833893651,-0.039437626351679,0.092927789534979,0.095399656274863,0.181921222286465,-0.138324996324322,0.071300476885349,-0.165900927548350,-0.187696922712826,-0.013077826573481,-0.060760406084934,0.022660811919034,-0.057775166428524,-0.071174036683667,0.263217227604981,-0.056164364272420,0.020862312418656,-0.073681759086821,0.043376513779779,0.083011212316483,-0.024342509998581,-0.016640506234999,0.074281339019251,0.037743642692344,-0.243588829660591,0.147385041445579,0.034717815776063,-0.031716101468352,0.001259316708480,-0.125568009400556,0.071728423282910,-0.066627926474175,0.010092782735804,0.095484910980630,0.035447307774816,-0.183736425049343,0.073276589925788,0.022070570501998,-0.095114596074620,0.036155642110455,-0.002844847286910,-0.051462451106331,0.063852198852109,0.148571066478240,-0.178515273916340,0.021686916218514,0.040844497533817,French Polynesia,160.000000000000000,30417.000000000000000,PYF
000000000000000000b6,0.102868973448596,-0.053379908050920,-0.061637155629929,0.060819166016209,0.023309498245907,0.095818161372815,0.144161173175893,0.075778129776955,-0.023847328629118,0.028396250168384,0.043029711783864,-0.041771881797394,-0.223789643309088,-0.067074038492080,0.075550516269513,0.005556585812847,-0.039953374362518,0.082478869774594,-0.100479794378410,-0.026962043938819,0.044633369023233,0.049061867853337,0.015041943103919,0.084263378984284,-0.020831414438385,0.031972170590711,0.055372498762223,0.041858473225582,0.208196902575626,0.037776941421668,0.119849870139241,0.059148321651289,0.184789080770580,-0.048259054746935,-0.123991217447568,0.053940725858173,0.030320451382074,-0.018834955216434,-0.090792825555224,0.197238693359407,0.194770963065929,-0.202520510188609,0.077786551989370,-0.112183736261803,-0.010005560429309,0.074529341363384,-0.063619803923596,0.017744910025249,-0.043913886008480,0.055704210204492,-0.081869297589409,0.089530004824363,-0.062200334650952,-0.072355568488105,0.062260744164194,-0.167838550005035,-0.002779599878739,0.023770544271018,-0.097743819430642,-0.060931857267467,0.143429359732026,-0.152375836390483,0.056864285159471,0.105380270108794,Northern Cyprus,939.000000000000000,30827.000000000000000,ZNC
"00000000000000000045",-0.110361573754584,-0.106440346858412,-0.082620659697217,-0.119188264795259,0.134216523645376,-0.057518009362765,0.154971054144574,0.052192898796003,0.038321634303227,-0.054284052613200,0.133353774994462,-0.032860819702172,-0.146603170342092,0.030991525030378,-0.178508876079160,0.085247591897750,-0.157488480119589,0.059698081581506,-0.010301818701757,0.066494891339175,-0.093548333894633,-0.034509761059671,-0.011322050854954,0.167573543343114,0.147155931295070,0.061169589749765,0.033505037708516,-0.060670240466764,0.148664221749157,-0.063971922665976,-0.161106043779899,-0.025811988679394,0.155503493892009,0.090040397973037,-0.044805034481901,0.157888003442034,-0.239925515122760,-0.109045262878470,-0.049334212199947,0.033114062563110,0.022417428015792,0.035622645327417,0.080232074371689,-0.109754991694308,-0.076892122804976,-0.107395079972554,0.128712797381915,0.011536666052143,0.229339369152744,-0.192292109510109,-0.144379260078727,0.044369135073727,0.110102423274814,-0.072298059860730,0.151292883567322,-0.010942198551859,-0.028392675556536,-0.093699637734877,-0.094791453310711,-0.018584680899433,-0.009351484704409,-0.180030116448613,-0.002248401328534,0.047631572650848,Hungary,85.000000000000000,31117.000000000000000,HUN
000000000000000000b0,-0.062705482069436,-0.068941308657851,-0.078365573071007,-0.105678089547564,0.126442269348571,-0.131833049646308,0.094153708097073,0.174450352180861,0.056654233985405,0.004185815465691,0.082153018811454,-0.037764690244902,-0.125420699600410,0.016129553539388,-0.186025463144790,0.093633376113977,-0.073203088995444,0.048415284963078,0.000973513122151,0.058737378348720,-0.003979472984382,-0.059846828092810,-0.012975005097107,0.104013804062080,0.168237147726718,0.039357262242633,-0.048165827341158,-0.114960939999768,0.101618780768364,-0.017929305394783,-0.110107316147432,0.018725081010570,0.161386557738997,0.119022569921300,0.044934362751928,0.144889324644471,-0.191425357305287,-0.051554895252101,-0.109696608380615,0.023928854537046,-0.058542496183686,0.092094992041806,0.020637929758125,-0.048798226793134,-0.133026282831937,-0.011642651124702,0.135162559179817,-0.049321394571663,0.160403413499295,-0.205865267991270,-0.089384266668286,-0.000778228166885,0.097579395456522,0.028201299223691,0.173119048851761,0.087457333781632,-0.010180827223388,-0.038389566718132,-0.121457405820447,0.024991038955570,0.015817218971947,-0.111600725056760,-0.001086536337732,0.062132292658011,Slovakia,178.000000000000000,31314.000000000000000,SVK
0000000000000000007a,-0.095410730551983,-0.137473891071603,-0.155973825137668,-0.159411161270687,0.072852036912245,-0.080157975565625,0.107951878709622,0.115337038178574,0.017384870538203,-0.039333500713114,0.104777917732995,-0.032084743995981,-0.100812560228299,0.050709708658354,-0.197064644233896,0.028715669795070,-0.163288413430515,0.069047136995998,0.119799179892829,0.044561002330038,-0.043807687041903,-0.110747440204555,-0.047163371944505,0.089894196062100,0.117846643721828,0.077235136479264,0.093312171900798,-0.091088315308831,0.142000033786769,-0.031458313811261,-0.073465826587741,0.023423063680771,0.120848860307015,0.086870141703994,-0.021739028188880,0.207713768075030,-0.200676254058701,-0.064005959686853,-0.065325562756990,0.039938784808686,-0.051739671469829,0.025559049026274,-0.011228421122193,-0.010120195155010,-0.046565314446735,-0.055461653726543,0.088150428224806,-0.009665471677260,0.232821355678452,-0.266066666122820,-0.172604734381424,0.008430988678356,0.097011072032474,-0.127226252629356,0.192555129239424,0.041899289804657,0.008216185927464,-0.035078028960304,-0.094289215350413,-0.005995798911650,0.019630245701048,-0.120142534272616,0.027998356688448,0.064281981815398,Poland,154.000000000000000,31739.000000000000000,POL
"00000000000000000075",0.040176322965769,-0.024688479310338,0.051279979484919,-0.150384000888785,-0.050641181778697,-0.017927388895150,0.124902376958253,0.060376300365856,0.043339707120360,0.081366487864852,0.025400826701894,0.122988189393281,-0.114674621711934,0.013329425680686,-0.075640407222123,-0.042709094099362,0.000165639857832,-0.011747188074721,-0.127554297200661,0.028482570714139,-0.157386038869505,0.115914145661492,0.023697458881956,0.017696768581675,-0.102545330349917,-0.045252300309297,0.079330174646531,-0.107164054417672,-0.186811193648478,0.095254403268272,0.080579131022896,0.016698785922082,-0.058742682856358,0.036075228434899,-0.046160109436916,0.020876409264928,0.073969241894522,-0.118656506558520,-0.072421608102537,-0.040811553732022,0.201502876986126,-0.237010361903633,0.059516850146595,0.203284732332492,-0.120106375438948,0.007147326980017,-0.104122860068971,0.055120056777245,-0.005593523567467,0.007477075693288,0.030805601153775,-0.163144163869225,-0.024156798064932,0.066273677400027,0.155712820169776,0.004319038699678,0.078683932860829,0.010554012066090,-0.052871936699674,-0.096617118806328,0.073668804832050,-0.068833367905484,0.037000948423832,-0.040768707308810,Panama,149.000000000000000,32259.000000000000000,PAN
000000000000000000c1,0.047746329448636,-0.060787375330696,-0.175383263680720,-0.127002630888361,-0.074362598240323,-0.008451369017946,0.158437029535016,0.100824065169694,-0.012389904601925,0.061379058127783,0.175363894657280,0.013074147274696,-0.169333479667885,-0.128132599025015,0.048237978720230,0.001487563019007,0.063472197453036,-0.020520830475025,-0.060878465696442,-0.006389723146432,0.112419779247931,0.189112317935872,-0.020110714347214,0.094235359260369,-0.104357508948249,-0.197792619471244,0.106915824304135,-0.094312918411503,0.052315131658068,0.022610307489087,-0.101811323646339,0.349382666884270,0.036483901694663,0.019926478810834,-0.113779433690961,0.023744852649550,0.178861334577225,0.025631919269874,0.011462226382553,0.020829017249468,0.106993739260957,-0.326757988089816,0.140274539506667,0.085759674979182,-0.096543981648040,0.050534750291094,-0.139084529538673,0.041604172655510,-0.017375211868296,0.079115234542148,0.021628052786780,0.064789165595674,-0.147302246044224,0.016012779761651,0.051596833946899,-0.074255617527660,-0.078245860221773,0.031937286619496,-0.001923537676677,-0.074401589352646,0.133385440373386,-0.224712149778210,-0.014969894472332,0.228146320957965,British Virgin Islands,206.000000000000000,33338.000000000000000,VGB
0000000000000000007b,0.059997388785727,-0.062894546766244,-0.087560603388022,0.070890594119988,0.059868845109601,0.063194542977664,0.160004454421992,0.091795145227262,0.204335623420063,-0.024696033151462,-0.023020212062134,-0.142081695329950,-0.205525514593269,-0.023759298451806,0.053701843251194,0.014944467860338,-0.097660340620567,0.069560023654186,-0.088499305379239,0.136797106209585,0.002831432691858,-0.005538563148751,0.096054353432147,0.094077034169180,0.049785259879353,0.130524345134465,-0.048840283363983,0.019335058896781,0.271917474982929,0.075001328756435,0.028141595923055,0.015980943357950,0.149784930948200,0.094211760592737,-0.110141288774093,-0.004052263716800,-0.061386817679553,0.015974179109985,-0.133778143849929,0.178787038224454,0.151259068017641,-0.095953767896733,0.131968785801212,-0.146144791441264,-0.041492566676081,0.085134493831201,-0.077123882276159,-0.080158763203325,-0.000438599678705,0.009268976141373,-0.099146023602628,0.089128696344527,0.021645866951768,-0.014917972546514,0.064877358633681,-0.180585769662380,0.016412446406306,-0.018030640494615,-0.050800783860585,-0.103295625926329,0.195696295218799,-0.141067566270575,0.053531887795104,-0.054724228674149,Portugal,157.000000000000000,34041.000000000000000,PRT
"00000000000000000073",0.033918209149550,0.046275287241008,0.068006556609657,0.046335012230910,-0.110047267104234,-0.079473202930062,-0.048918250620866,0.083407487599642,-0.203343888580542,0.140364125174175,0.082655507597107,0.077370886663078,-0.306690834110519,-0.132453439511434,0.101581611970995,0.108682625231693,0.030360105613161,0.041229936987919,0.117895890957870,0.068307324291131,0.067421782349753,-0.197773925217254,-0.173976347760018,-0.021011163035627,-0.083719574676017,-0.105686301078490,0.054244338565253,-0.011593978218612,0.043761903458173,-0.046960759522768,0.080224130865233,0.013535710793659,0.048325489524157,-0.063561298435608,-0.196248427783301,-0.056005488116031,-0.069261470198486,0.181310570534088,0.082486937742502,-0.015500968326744,0.223798362665872,-0.067898124648389,-0.008391315178060,-0.039236736016945,-0.117537354187326,-0.005439470744854,-0.012984043818202,-0.067061735263478,-0.020526550396210,0.029055952756116,-0.021273759848727,0.074023181075612,0.017947853139963,0.003386743640754,0.173818586858193,-0.055427036713679,0.101004515503907,0.138304301145078,0.009335155768075,0.020126598059790,-0.150807354370322,-0.058378778139946,-0.077452194138180,-0.082850271428195,Oman,147.000000000000000,34212.000000000000000,OMN
0000000000000000007c,0.052492860795959,-0.064846586221945,-0.053974505214676,-0.142072563810924,-0.097924190239120,-0.048283786225262,0.188420079936855,0.055433377452177,-0.035059045271626,-0.012833809681905,0.022072323614397,0.093549300410144,-0.130092487477175,-0.027756543011335,-0.050586701254653,0.046205208689985,0.011009747449873,0.046288544345808,-0.097749483764871,0.089886956998412,-0.061510443747034,0.114330899561629,-0.007858818791417,-0.081227319094444,-0.136656826968766,-0.044594202721765,0.121237410311862,0.015829662732008,-0.094696139243874,0.140538805242606,-0.000547623202559,0.094302311406094,0.022791344466278,0.108278914121258,-0.071229729027035,0.030243806129234,0.159823563031428,-0.072491982253605,-0.110647316791461,0.005583236674836,0.209841551219954,-0.294493819293926,0.136013783556136,0.128491050102683,-0.114322128051445,-0.026803853638537,-0.148094470385865,-0.008438694108147,0.088321928236977,0.063908436196222,-0.004086669889774,-0.122077489448927,-0.075682336680028,0.082457362515971,0.081804287817312,-0.062332249579940,0.039605340736850,-0.002964720342027,-0.121456739041138,-0.112979709076396,0.152529861403188,-0.177475471999818,-0.090360107816685,0.009202795433105,Puerto Rico,155.000000000000000,34223.000000000000000,PRI
0000000000000000000a,0.051174753000259,-0.078833403218595,-0.161495347955905,-0.088256506444632,-0.111724562084596,-0.039197058926281,0.175527737983512,0.023322414032020,-0.079170604139968,0.150033099998481,0.181149286713761,0.008035240202591,-0.120450959720972,-0.111342568992419,-0.011428303210322,0.064181913452553,0.046762659220446,-0.051139412050617,-0.046336332048949,0.023942185037051,0.031644756850727,0.197958903034801,-0.035628082406371,0.075494323283278,-0.083114880390039,-0.104169532911124,0.073644293466376,-0.052928506841481,0.017943951676646,0.086738209478157,-0.055534686324900,0.231122443802688,0.036491753330803,0.021235363785404,-0.106130492079798,0.028422519057406,0.152186935281633,0.047773108764133,-0.001722542891035,0.096580253596230,0.107425455944389,-0.214683655518364,0.147310534124091,0.092718646659221,-0.103698654668248,0.050622063347945,-0.128118806054564,0.016636659477994,0.037122076191269,0.066359612729995,0.022034338735258,0.051029104119487,-0.128083679369671,0.020920753384762,0.066635107969860,-0.079602244473743,-0.028494911090097,0.047000692849303,0.017687978584698,-0.111839858776326,0.073013672974431,-0.167643448205498,-0.059092070845949,0.189412327391824,Bahamas,21.000000000000000,34810.000000000000000,BHS
000000000000000000aa,-0.077435487813458,-0.104216410327162,-0.169461144873498,-0.165481271879217,-0.059412249783877,-0.162420775425638,0.052359690904303,0.224340577296279,0.065621817392139,-0.007373052304296,0.116432242882605,-0.012012942504687,-0.083329143897318,-0.005952426848141,-0.243602024693747,-0.031936520793361,-0.125925514110885,-0.042792290505229,0.064983511829387,0.012137847411740,0.089963311786330,-0.057125049793994,-0.120705993145944,0.006959446104691,0.036934815424134,0.103058453615325,0.115906555896427,-0.057532025991730,0.198114994016861,-0.025867903130095,-0.022901682130777,0.138758477575919,0.029004396915930,0.049001388126787,-0.036800034767056,0.158958929859810,0.008822650759897,0.009623269675907,-0.065153428404965,0.010215772962331,-0.135490243536986,-0.067174231271459,-0.097342297723203,0.080580781860371,0.029699105622807,0.079975755114037,0.068251525583893,-0.138321111235200,0.201563506430533,-0.231839259487588,-0.115071588982395,0.014022006876181,0.038442939250812,-0.154813557242116,0.095278565981336,0.135114790625641,0.120186724177896,0.024930770421361,-0.083086142639669,-0.042807625951350,-0.037547851412771,-0.049184590129880,0.072924981999367,0.137181695041071,Estonia,59.000000000000000,34980.000000000000000,EST
000000000000000000ce,-0.109682653452579,-0.118510553142134,-0.194938036544568,-0.179840076486319,0.014621340154990,-0.141347832439777,0.089693675920367,0.159475251728754,0.014147233735193,-0.018846536579932,0.099374130315883,-0.042681258562678,-0.110765242711452,0.038401940577227,-0.258251538463930,0.037531625317915,-0.155707504926196,0.029304477999090,0.095382500415832,0.031761933373746,-0.010568128125165,-0.101271429427108,-0.078555060239913,0.052547508100139,0.101740799633407,0.070349944153610,0.130669431192516,-0.098048739906856,0.174513347475153,-0.036881638641432,-0.049915279124735,0.051504599287052,0.074476819100352,0.071957119934956,-0.035800655327012,0.213374582027832,-0.117354271246116,-0.023077184505108,-0.091122076134418,0.024409899129013,-0.079539125995263,0.003868154093625,-0.074221693168644,0.039115291517890,-0.004577037214222,-0.020349578613740,0.103399496888817,-0.061996030782876,0.262093993191862,-0.279289309685550,-0.149475970658069,0.001437738888466,0.088988080762636,-0.162832156053908,0.159866930928530,0.081606283338692,0.037719410488878,-0.056316125911421,-0.082773010397070,-0.015777349787417,-0.019525411233352,-0.080687940085676,0.034353299007571,0.080278073655217,Lithuania,114.000000000000000,35447.000000000000000,LTU
000000000000000000dc,0.048928716212861,-0.062290791672439,-0.160435836535689,-0.143976384034634,-0.094970598511343,0.000588871989989,0.155054597062409,0.096002574491032,-0.008212163898038,0.042127799105091,0.148618923011919,0.035045698706813,-0.166450509765530,-0.116860072731904,0.036216856989402,0.016392530953544,0.043309115732531,-0.000894834278155,-0.062322734483406,0.009380633124605,0.092389410049596,0.174707506514378,-0.004591731691359,0.070959018538202,-0.115091949925743,-0.176329564403649,0.105791697945496,-0.060019632229242,0.042846823896437,0.036734113877556,-0.079625154382798,0.313022532203233,0.031779860397591,0.045823507762568,-0.104289083474111,0.031029434496897,0.182392004169725,0.005731207665282,-0.003252866103780,0.019534581494361,0.133617762709728,-0.321363118600899,0.139572505937717,0.091510896225112,-0.083640975552060,0.039378112494447,-0.134729953323938,0.035253524455656,0.008953826868542,0.083097782967554,0.008693528424192,0.032167312910106,-0.141363214635835,0.026611823384648,0.053537726022864,-0.078854345499700,-0.063292767559642,0.023028863671616,-0.031536379135315,-0.068242860005523,0.145312006415236,-0.221820264913508,-0.025726749072676,0.184025170910453,"Virgin Islands, U.S.",207.000000000000000,37532.000000000000000,VIR
000000000000000000b1,-0.050505509475611,-0.037603831950193,-0.054962257122221,0.007626702956923,0.129684535864683,-0.152228737411469,0.113075792500935,0.197756037115211,0.115890420092718,0.034491275649668,0.058777396798714,-0.005337163009175,-0.146726554458713,0.047001236402729,-0.126820675370106,0.058439840308528,-0.034618763039331,0.056936892758512,-0.044048275232030,0.070547262945764,0.027704657874308,-0.026752849477160,-0.031884792162158,0.123931461541634,0.149845704847448,0.034538756355723,-0.132109633230353,-0.198799025161677,0.067228650080520,0.032361768092475,-0.123310593988352,0.053267921582810,0.127531206921229,0.124573229227488,0.034101992007519,0.056867265414356,-0.228153182364404,-0.011381221208901,-0.138221470205964,-0.018469446082272,-0.070936824107808,0.161774740173867,0.060386210283312,-0.024909143300407,-0.194661128224018,0.062627868018784,0.090621945405495,-0.063354095706688,0.141898615009320,-0.153283645043680,-0.124831765712912,0.017984869767603,0.083838508635220,0.130995240981250,0.211385857319545,0.080664811817305,0.011054485953429,0.004897489545743,-0.132563272016259,-0.001894419654128,0.069652918826693,-0.099514843358470,-0.007584522149716,0.017978516875921,Slovenia,179.000000000000000,37996.000000000000000,SVN
"00000000000000000006",0.040345646261073,-0.035806400961284,-0.137920947910842,-0.159934697198758,-0.176959034288420,0.038064201285694,0.159577423214043,0.041235060328900,-0.078282345263718,0.062665277776570,0.169298432154998,0.058826506316155,-0.170609994205205,-0.108938250565705,0.012954180407676,0.020508794481631,0.081419175579842,0.051529771432492,-0.034510677931044,0.058701142895971,0.137830301178012,0.233873847563662,-0.018494302930038,0.101397672193508,-0.122102799196062,-0.139631492708920,0.061897078747226,-0.055704626482751,0.041855172628983,0.059086744160436,0.002133520863431,0.237090616239156,-0.014960409406424,-0.005034598253798,-0.076462271847684,0.057355407778245,0.096686037077397,0.003317514552661,0.002788136620674,0.060162202275182,0.123778854596114,-0.294871331087111,0.061244651997091,0.071444576421633,-0.123844678053938,-0.026217173435022,-0.096304140863287,0.043842448509661,0.011847766892464,0.079390149695885,0.028368585951933,0.052749061045382,-0.124165772732763,0.107137637333828,0.038480080300382,-0.088234626953175,0.005568445115733,0.022899447995357,-0.081488692840714,-0.027363273072694,0.118393383012512,-0.191181454463244,-0.044145233041461,0.127813758469116,Aruba,1.000000000000000,39598.000000000000000,ABW
000000000000000000c9,0.015773465440120,-0.051557344258410,-0.094670383301508,-0.172399849046974,-0.114192393904064,0.039686099960986,0.180055777208767,0.077745209408281,0.019041321104939,0.077770625389480,0.097123616374179,0.086140217771967,-0.134582204307040,-0.065565047038545,-0.015342270005440,0.023235644133875,-0.022945472528041,-0.023040334716897,-0.052793761692665,0.037199474307199,0.041380903339412,0.175989899251248,-0.000122916058092,0.038469814141214,-0.142085596803219,-0.134919837914946,0.058476847287634,-0.063729093399399,-0.012839568828516,0.055648803473654,-0.006518251779015,0.282569134076053,-0.051669947061357,0.094153529059233,-0.061681769386885,0.059970604566272,0.164336157366390,-0.037147117505450,0.030562379742726,0.016614029910296,0.192042687807570,-0.309849196551419,0.120075763085771,0.093180925640304,-0.110919959799380,0.014335088496492,-0.073502105153125,0.023866043908923,0.014039581166829,0.059244609969818,0.009126528425156,0.002474786812279,-0.162328370860156,0.074277639753788,0.103074408293321,-0.088317264434098,-0.005963030785866,0.039376701186105,-0.063881003442011,-0.021854346418529,0.122837296824888,-0.169536821515165,-0.033318049993653,0.068299079884460,Guam,79.000000000000000,39742.000000000000000,GUM
"000000000000000000d6",0.051508026809325,-0.075620755116126,-0.114405177022529,-0.146188549208555,-0.148888368017828,-0.012981630789651,0.162102975084052,0.077053317830917,-0.093776889133790,0.019627928656410,0.103159948994000,0.092541070876458,-0.132339159884184,-0.101908430094271,-0.016006596856589,0.033215507519435,0.059433769575148,0.081697058368382,-0.053602226516421,0.099992617127189,0.049571722029602,0.136625395894517,-0.023492971878340,-0.028391173042048,-0.120499241907669,-0.051655214708358,0.136309057754443,0.040430692183163,-0.019991368723675,0.101363974329140,0.009984677885358,0.198790020040180,-0.008113751210401,0.106428865479214,-0.038504717661349,0.045533057932425,0.157654061411260,-0.035829923156757,-0.072068751887147,0.102258295179177,0.223074887445985,-0.296497580743713,0.083120707931956,0.071999175884977,-0.084422222018373,-0.004450732855390,-0.089390994532998,0.043982054340067,0.051712576600469,0.086901998461357,0.001304893773408,0.003922863424339,-0.101105290500018,0.068864355932213,0.063111220487005,-0.099806669673098,0.024583204916826,0.006361583137330,-0.098984584711999,-0.029139619066116,0.150284544268926,-0.218028480540739,-0.086723378348613,0.094030725558275,Sint Maarten,182.000000000000000,39788.000000000000000,SXM
"00000000000000000029",-0.067737506548510,-0.132681426751433,-0.121979683597786,-0.111354173924054,0.124321308218368,-0.054213667017233,0.137666629807434,0.084969234327030,0.028846906359554,-0.019761039457055,0.058415173004451,-0.044282682755252,-0.116760658831698,0.056521036201742,-0.149194547903259,0.073194434458452,-0.080401984979769,0.081332768715376,0.122026626511497,0.042563804944399,-0.038025196101796,-0.126057330333112,-0.017454360686161,0.126252345467984,0.160828804818508,0.019259963219131,0.010781758611249,-0.119322491267663,0.115595933798009,-0.022364225483740,-0.076499525998173,-0.019369473608368,0.181530162479993,0.104051727593079,-0.007824761889516,0.149565558714160,-0.244349921855709,-0.034504038543881,-0.107984906071952,0.095670639224074,-0.088137802414359,0.067697955206010,-0.009292712332155,-0.017091712846431,-0.125634761611979,-0.048463388358235,0.049783220852792,-0.022632751296174,0.179127135288463,-0.236949487200633,-0.137821137435537,-0.047574297098901,0.094268500729540,-0.027824337496882,0.235285266617838,0.054999964100066,-0.050758483934715,-0.033574199199055,-0.131105908937728,0.015107247839026,0.030052822887215,-0.118305074128864,0.036072179569702,0.062986560154963,Czechia,48.000000000000000,39941.000000000000000,CZE
"00000000000000000028",0.123522744815648,-0.037760658496585,-0.065859106465705,0.072776112742863,0.030343021230523,0.042380975836176,0.127035107332651,0.087551682584607,0.019222676507335,-0.035292296818773,0.024846581157466,-0.045434447239750,-0.231197753340628,-0.065637557422185,0.085908834837920,-0.012531018863081,-0.036244860477285,0.092175305074589,-0.107378171114854,0.059745497523511,0.059280880850157,0.041408136271724,0.027071756543484,0.038957362782381,-0.025131813252314,0.105311960257275,0.024339393408644,0.054642442716481,0.232279374608078,0.093092014870267,0.127073034934283,0.074808178316946,0.156015863604914,0.064457475210943,-0.096898608509608,0.018203028919094,0.002030980713267,0.011487173408485,-0.147003051310841,0.199265661307030,0.172342519737924,-0.171326144003379,0.101196598456939,-0.131233677328970,-0.017017759840951,0.097786321410618,-0.073711621554674,0.024605345950305,-0.053910541746761,0.042872058543624,-0.034385473736049,0.058145801902341,-0.013319288567680,-0.038396498121611,0.068264714823232,-0.186367202951094,0.012066056991296,0.016566203854407,-0.106067500099535,-0.076559925579188,0.184827245458571,-0.150036544383565,0.025624132779237,0.048133593066697,Cyprus,47.000000000000000,39977.000000000000000,CYP
0000000000000000004c,0.083550045876158,0.048374282276111,0.045707784104608,0.028007669109065,-0.023074970622706,0.027551900836155,0.114878028383288,0.093883898156724,-0.127620444587726,0.023302356206275,0.031826546668708,-0.015784587692722,-0.282575856862256,-0.088703159758039,0.078574480081612,0.017319334709935,-0.019147807876113,0.063213795977027,-0.004716141316141,-0.010438755672901,0.076354417847915,-0.150523613671582,-0.064835161364684,0.046931753883866,-0.016858073847427,0.058382128079189,0.005479146311438,0.040948319538063,0.154221273852907,0.035776619011802,0.152215932700700,-0.046848359015600,0.190820276361325,-0.058871014503011,-0.129725915996132,-0.001210131988377,-0.044401734326156,0.044786274920907,-0.118028640940551,0.101099642572973,0.211131431182008,-0.174480054079257,0.010028788506001,-0.118561752205868,-0.041589461835042,0.101888065516511,0.018439407263981,-0.004455950675909,-0.066754605947826,0.044803138694354,-0.107154918983353,0.111304645576394,0.022476345758615,-0.029047618719456,0.110468928805315,-0.167342010743962,0.018315441001906,0.067153674290656,-0.035115865119985,-0.008841920462072,-0.015051480015466,-0.135456637566477,-0.003956780278664,-0.016677217152630,Israel,93.000000000000000,40270.000000000000000,ISR
0000000000000000008a,0.061716135959515,-0.017148035768921,-0.037025863417708,0.033708999040641,0.088245289978654,0.051245208607252,0.179919783610305,0.069552631588993,0.138127538244994,-0.016537265820513,-0.038016037445913,-0.158851456206215,-0.191894854345434,-0.005823423726234,0.030226626251744,0.001109970185805,-0.080062860374782,0.068468230538046,-0.032761725142371,0.076406154310857,0.006383174788685,-0.055707703904717,0.126309818075965,0.081561265707347,0.071199713605339,0.072189884484142,-0.048211323168955,-0.000789267360330,0.213925336128183,0.072322700723840,0.036578646072218,-0.007183714618981,0.218046330091522,0.085306316355543,-0.058740055374815,-0.044954026689062,-0.094398143626477,0.030116552306522,-0.157782655607963,0.186213360648362,0.100654831827402,-0.052478983648512,0.075360597808102,-0.164639107986750,-0.109528478006516,0.092579860796869,-0.029532944722855,-0.079008778166460,-0.007045485820402,-0.058467980000567,-0.059026918577176,0.066761731592824,0.028702980046671,-0.018103164750531,0.102054100498358,-0.104998213069158,-0.028529702207082,-0.050245649186434,-0.088677658957740,-0.123932778555454,0.138114076205773,-0.138208310814761,0.046010074330637,-0.015601127343908,Spain,58.000000000000000,40277.000000000000000,ESP
000000000000000000ea,0.034692151972974,-0.043334999933385,-0.138021476115505,-0.140972775573162,-0.117227045378943,0.011040370776152,0.132590331322270,0.092404698581794,0.021749129270900,0.038562865570620,0.146852669215886,0.066325304370700,-0.175991555846200,-0.102936476173332,0.014305538023035,0.017710345332819,0.034127300754378,0.003772019658780,-0.088542461759860,0.009279792901479,0.104165219157204,0.167813643952993,-0.010219883287376,0.075328716559420,-0.127502968049122,-0.175468031809317,0.093980980933160,-0.057017253441005,0.016715879000407,0.048945099114895,-0.047992359301395,0.300016507109310,0.026505360451563,0.038675135568124,-0.085984235250106,0.044090879866048,0.168303819115435,-0.016007890706190,-0.000426156066250,0.007807278461801,0.135661428424238,-0.323282962359270,0.110673582371400,0.075629127106886,-0.084398729474956,0.016317925420755,-0.137696161128623,0.049884165847691,0.006170464184146,0.081762519722108,0.005718772331992,0.029898126479301,-0.107395364953598,0.043629242549083,0.063390559830327,-0.092372689033698,-0.039267802591171,0.040892430053682,-0.074551176802080,-0.037656004539227,0.147455736582560,-0.202395382705824,-0.026638781962487,0.146086558376683,Montserrat,921.000000000000000,40936.000000000000000,MSR
0000000000000000004f,0.028908747624646,-0.027116645309472,0.020531793862320,-0.027127712517385,0.062711244166402,-0.105723749396389,-0.081972556961600,0.252321609696589,0.148254188634208,0.079564180702699,-0.027884840510445,0.064349436367252,-0.206554054908210,-0.001701798565916,-0.104771627316269,-0.007453658256877,-0.005050094616500,0.003401406477135,-0.125297142409810,0.007225183727473,0.041981664156519,0.077806377801723,-0.014071161069846,0.025888765851005,-0.008601729442004,0.090780735334244,-0.127319670704005,-0.167162881004747,0.118784044116868,0.033392957922073,-0.002068248782003,0.196144014300758,0.056551030938145,0.001349463340200,0.008785674015024,0.077080207869776,-0.034700070511762,-0.062120591908442,-0.006473096448285,0.053491317909474,0.006429336458215,0.057284184261705,0.047566504639349,-0.007537976315274,-0.039511129835755,0.139712394840384,0.094051539860787,0.044346301232584,0.125071468812284,-0.087203423966029,-0.021265495819044,0.008258142448768,-0.038177053652513,0.151115395981168,0.096270863737120,-0.082715298290617,0.007232488560707,0.063019831123629,-0.092637365075243,0.014532643798959,-0.009273984857184,-0.104063500661299,-0.051322273394025,0.083696144987427,Japan,97.000000000000000,41764.000000000000000,JPN
"00000000000000000054",-0.021993453686973,-0.078264286717425,0.123160484100933,-0.040917606542788,-0.020417648788814,-0.037461315843488,-0.146022232916176,0.316203030405845,0.103987520520886,0.047267478293021,0.086983874171505,0.013589006663779,-0.107114997382138,-0.032732269236858,-0.059758729057078,-0.084842054713576,-0.070614500820606,0.083583362566856,-0.210159291502838,0.025575603713549,-0.004168081845342,0.054768422673179,-0.014341216265612,0.053006436692702,-0.005039111165153,0.138133979684438,-0.077108074953139,-0.148151030846497,0.115559804535357,0.071579346502331,-0.005860858514145,0.169107440825028,0.066358333201043,0.038713576676837,0.012065895873299,0.119587462936560,-0.079423661492296,-0.142194838283096,0.094990367928116,-0.000480351926356,0.024268243956312,0.015834376189150,0.114977648055198,-0.014984959078480,-0.033635381821869,0.131005646944181,0.120584207272340,0.100615562696678,0.110752259333021,-0.108453236030745,0.009244490614129,0.093232851082374,-0.044265385019020,0.079192739854538,0.053366259216912,-0.113137714664974,0.023220486100690,0.048438579908607,-0.138824163086835,0.016433222386358,-0.114841009213421,-0.166772439262819,-0.123310873498567,0.084054677359527,South Korea,104.000000000000000,41966.000000000000000,KOR
0000000000000000004d,-0.024759582334084,-0.083501925461354,-0.040750358805914,0.040051713340788,0.089036933200645,-0.036620317349671,0.132118484997477,0.121918740252203,0.152610053034489,0.000725624561769,-0.013556359300389,-0.049643483255559,-0.179006539600260,-0.011540154343853,-0.018323032881882,0.002891565607006,-0.058082975333531,0.066286474028061,-0.109840755857846,0.097521127808810,-0.007847158227475,0.002674712197664,0.052514575435755,0.117104829929456,0.082010494957814,0.077716289122176,-0.057300043207560,-0.077593644507734,0.176108568939794,0.026905262129340,-0.044057828356256,0.034664727633589,0.146363904375166,0.104902848044272,-0.017562612487412,0.005209054862135,-0.114630617330049,-0.010618987201657,-0.110196508643964,0.113274423646041,0.070377942507103,0.024735581744218,0.087129566402489,-0.130927157154198,-0.099584679112271,0.076561696108888,-0.002562905305888,-0.044001504301435,0.072910246899420,-0.023967553840178,-0.081964277808393,0.097196737254135,0.007832805248319,0.039456613570823,0.155009974425358,-0.088639935645213,-0.007501045325109,-0.023262883804029,-0.091122556778862,-0.055539044693653,0.093498443591013,-0.154205251014763,-0.028497622839147,-0.009160684004153,Italy,94.000000000000000,42046.000000000000000,ITA
0000000000000000006d,0.079865960037502,0.051503929142596,0.017864823198472,-0.130436069584794,-0.125977965510544,-0.172744125561280,0.081737938844978,0.199205748610279,0.182173089407872,0.088912739707354,0.117426920513097,-0.026689887529281,0.083997241299202,0.191913545017258,0.117666919418230,0.085947842723723,0.002848004738341,0.015034328890335,-0.084153109063765,0.078669893429614,-0.090964358770275,0.017982183927749,-0.080853228859997,0.108465726797618,-0.106113747617329,0.010570499807838,-0.091836580902310,-0.068452538400879,-0.219648141693345,-0.153510751866456,-0.096709805495836,-0.045476552580019,-0.031992392918101,-0.110539093071934,-0.035405196532632,-0.156682109257804,0.008573731556410,0.040773588536067,-0.068663689050085,0.109239575246906,-0.091816869488177,-0.009184867988430,-0.049185608659353,0.004595504325817,0.208330362708403,-0.013163538181216,-0.073210953326602,-0.009085909617258,-0.108202121829020,-0.064344406406264,-0.013555866454269,-0.126128931368871,-0.062311466642060,-0.009377321865314,-0.017048431380047,-0.190744387828328,0.003845258763031,-0.005219905716831,-0.073123060226669,0.051384679845214,0.072819296004521,0.036551980031338,0.002579475112245,0.020133704922124,New Zealand,146.000000000000000,42917.000000000000000,NZL
"00000000000000000060",0.047233187629377,-0.093596235115015,-0.073420483892576,-0.027029156447475,-0.039819533581088,0.041211692534716,0.132462711521516,0.101941797819861,0.035918345964562,0.018118302066216,0.065201691687653,-0.044314805354844,-0.169652556163289,-0.130335237413916,0.053272804561226,-0.027325282617280,0.010767848785699,0.048976160311376,-0.074935222910326,0.020894842143167,0.111832404088768,0.096710224352271,0.024626216900364,0.112197382020516,-0.094875545280650,-0.046273525558930,0.080907603414952,-0.063170868653322,0.175520883868322,0.014020779247669,0.010480530843612,0.219322572730732,0.108034696063872,-0.005969773275341,-0.078508867562901,0.027965769591103,0.074729625350969,-0.022221578893177,-0.076158172810880,0.104487744084471,0.137874011184388,-0.269565441047064,0.082498492906730,-0.025325487013856,-0.029167830294133,0.122140006912154,-0.124333264283192,0.025079773821521,-0.040333100123367,0.056538306330597,-0.068004184214148,0.119577499578126,-0.137009551613170,-0.032914698495416,0.039542914076075,-0.201942550027823,-0.021701070873850,0.071195997141916,-0.055080095613536,-0.038576070586991,0.116050370190861,-0.213529290646474,0.026316989919750,0.166598015323521,Malta,127.000000000000000,45116.000000000000000,MLT
"00000000000000000036",-0.122711971025301,-0.108301848952306,-0.107671810851921,0.013797998255709,0.096700628367491,-0.038703408656052,0.168287500553833,0.051665430965076,0.131709372325331,-0.005424940741279,0.015229164309339,-0.049836750389104,-0.163289239490897,0.041456374287949,-0.093045436288410,0.108537747963233,-0.084841346198161,0.068337530985548,0.002946692130889,0.063026907332149,-0.027065613758748,-0.052673833578928,0.027254507052733,0.180358962041370,0.148400392701694,0.055427243493541,0.015198346823110,-0.072316578274179,0.138156007095257,-0.017562505732269,-0.098089972618960,-0.004907192636004,0.159619309706356,0.089777435758364,-0.040931001790593,0.051855267825074,-0.228417928119674,-0.054685460901156,-0.125019371766012,0.091188523448906,0.029225099220340,0.055038562848362,0.049836943547816,-0.091973996247732,-0.093834379569983,-0.058162786991537,-0.013296940722251,-0.044149206633344,0.161681862160544,-0.113466972935861,-0.193043800972999,0.038395156169461,0.056690318875687,-0.024072643454565,0.204038240062743,-0.080957246446698,-0.053423874853329,-0.023427141270987,-0.075505126117744,-0.033262999271595,0.074851148917600,-0.156731496525336,-0.019478323597874,-0.041158948582117,France,63.000000000000000,45246.000000000000000,FRA
"000000000000000000e0",-0.027053205875616,-0.038415838525177,-0.170315893611218,-0.169444632663302,-0.071143684734875,-0.093286277060463,-0.016796139145263,0.132209138983417,0.160143152424709,0.032605999999450,0.030024658410884,-0.050896434763134,-0.005967651003736,-0.090877687655137,0.016853542364761,-0.075073634705450,0.055221767818423,-0.044640923113077,0.009616189800627,0.035625228503483,0.074676952404478,0.182215720373110,-0.044509419356469,0.130409407527047,-0.179362733755387,-0.039134948082321,-0.026239737562511,-0.265505800976563,0.127480660638010,-0.071919036722964,-0.069296148878461,0.306680203509643,0.085282806614969,-0.124022120158882,-0.113379352592762,0.018967138834335,0.185199885419030,0.080519250828851,0.030595202414128,0.104451557478677,0.016597695805301,-0.095644355734191,0.076569894878679,-0.011185158310441,0.079142944787520,0.148974304113956,-0.004858543059791,-0.027601241860230,0.087155746518789,-0.109453473655157,-0.019484003882658,0.065813386813502,-0.096503355576280,-0.043563222411304,0.044030376299506,-0.087250741715935,-0.044873988294146,0.119997509175217,-0.076519852797109,-0.038935360033792,0.058961129638707,-0.160382458504682,-0.005411618838270,0.191166508235836,Saint Pierre and Miquelon,931.000000000000000,46352.000000000000000,SPM
"000000000000000000e2",0.030704810474294,-0.058592518965670,-0.158905184996783,-0.145731373226237,-0.094573844347295,0.015459841961755,0.149791926613407,0.096421916668149,0.015152858466863,0.060719909617445,0.180383196967695,-0.001113733982366,-0.187975637127719,-0.140014007861865,0.069217481018630,-0.010053812094860,0.060959905266380,-0.013570636045928,-0.062039340631772,-0.011063171126567,0.150656779100508,0.211080429164820,-0.017231257923477,0.146174405777187,-0.105924772546822,-0.217320799697113,0.076325000485652,-0.120378695461683,0.082942156210132,0.003149823500425,-0.083120692359276,0.366088610962487,0.034547548147309,0.003941592713437,-0.098714749968289,0.022201990049961,0.176189352136272,0.029063035073762,0.033078125359186,-0.005506650828677,0.073033819854510,-0.334827983301639,0.118546384270158,0.085192927025666,-0.089087277593441,0.043359500416723,-0.144761766171625,0.039613663460334,-0.022249966121539,0.093446842521596,0.016603537555718,0.084126320835245,-0.153334750100921,0.033811631352575,0.055929845118433,-0.089620882976145,-0.073615156666821,0.045108328707046,-0.019423249053002,-0.041217980519422,0.132107972312434,-0.233253305882817,0.001749513475309,0.221332037574476,Saint-Barthélemy,906.000000000000000,46352.000000000000000,BLM
0000000000000000009f,-0.147646453573435,-0.114520340640272,-0.208069404014147,-0.063946075432877,-0.018847771219409,-0.182187208795000,0.049578884335404,0.033562497815660,0.164200796858540,-0.027837209896969,-0.004844591662922,0.040780435117535,-0.072998198341852,0.007710414124968,-0.120194430943767,0.004769127219012,-0.051659321371247,0.062936904734142,0.049961743275039,0.020179802264879,-0.016633962096117,-0.001932000342123,-0.056708927088745,0.190772686012565,-0.016889536347809,0.012214210054211,0.139842055463670,-0.152493388777509,0.049382077034572,0.033312808390560,-0.093475185270667,0.115931951392328,0.106154361240101,-0.015146547931747,0.009502225168210,0.126261702359406,-0.081963151219058,0.091069775485018,-0.076355530535361,0.062370535216812,0.052773134498557,0.025830807969097,-0.049456041424893,-0.028149416034743,0.066652962998349,-0.047455985342226,-0.006490739074776,-0.065931946993238,0.198044637984512,-0.201960468264277,-0.234377143340766,0.065284291695299,0.063148340149684,-0.153943840002874,0.196211708230974,-0.116649681393846,-0.049897703939602,0.007015817061836,-0.084508486187026,0.011879444782354,0.082248631373176,-0.077520748109363,0.009266746171878,0.006533757860739,United Kingdom,67.000000000000000,46413.000000000000000,GBR
000000000000000000c5,-0.098270156655897,-0.052747019662085,-0.239176947467053,-0.203100396062244,-0.091354270100455,-0.149558095378510,-0.013479613193529,0.106255619254334,0.219700607676748,0.014480366371168,-0.003008554593737,0.006328501451975,-0.002356607749874,-0.075562329710286,-0.051742163127014,-0.087831038510678,0.052227255262711,-0.029291946908637,0.015324875324714,0.037357739110329,0.089339730826854,0.160017652847290,-0.099527435258879,0.146498350921272,-0.153401709252173,-0.072134961904772,0.073740676786856,-0.247771456167230,0.032086024793355,0.006757042689900,-0.006668398549830,0.239385941671503,0.108503750818294,-0.132405750499477,-0.058854202229893,0.056935761049494,0.082822041800835,0.188538591731289,0.003164184457724,0.063196214972952,-0.009101116313244,-0.075460729709728,-0.030156646121836,-0.058824777055224,0.079568865207050,0.109697049948922,-0.038589956763961,-0.046300990033931,0.055553982103893,-0.122724173959525,-0.074724058715825,0.044108162867793,-0.012709931124358,-0.126582853138104,0.094218151244574,-0.120933234725493,-0.075639104140170,0.069031519309892,-0.093654476420413,0.051673410974858,0.066807567860401,-0.095680645857246,0.023232961453563,0.139995450802675,Faroe Islands,64.000000000000000,47262.000000000000000,FRO
000000000000000000c8,-0.112796226401877,-0.167674992360927,-0.131893169416900,-0.156637604858874,0.016429156434083,0.114476492439433,0.120323245351218,0.161772055393698,0.096163962460747,0.030191177612401,0.070363247230173,0.167470716860600,0.011349563929701,-0.096793557535275,-0.143536123781881,0.010791174851822,0.200044985015903,0.023450733759190,0.108290275427366,-0.036315935005523,0.117671984858303,0.101804353788678,0.061975283793724,-0.144844199861402,-0.010712386282661,0.267457453846143,-0.086883018483239,-0.009168364127729,0.037691979859828,-0.233608748633693,-0.038218625873758,-0.011770911932658,0.083610177037670,-0.137508044766077,0.018141296499245,-0.094525374379877,-0.088162614539180,-0.157485184205289,-0.086874509503547,-0.070600524842246,0.195417985511613,0.134099762098180,-0.135435900919830,0.005178455127106,0.011492518648583,0.203949224569525,-0.074498907138070,-0.052247785764114,-0.136970885517088,0.094401357021072,0.016527241025252,0.047419718462040,0.049198380129330,-0.087698043918671,0.071758592206513,-0.048268856181635,-0.102528684184934,-0.077497581471010,-0.018429650792828,0.006910453858108,-0.256289805211866,0.090490947647765,-0.057298090153528,0.027436741078267,Greenland,77.000000000000000,47334.000000000000000,GRL
"00000000000000000083",0.050903429869546,0.037228465913454,0.064411611320729,0.007630999194469,-0.051392873569467,-0.032323649744064,-0.009329720965809,0.120190689243588,-0.164783255136837,0.129661235169651,0.072762535151006,0.074829958824277,-0.313790985862397,-0.129291502474395,0.136683283867698,0.061074073221992,-0.064108381506015,-0.022815660708277,0.122959783660694,-0.015994443553165,0.040157115546146,-0.244962759116655,-0.175880811982761,-0.052910223094712,-0.084223193311606,-0.103713590408973,0.096443904429347,-0.047788016900583,0.080752892675607,-0.079715639545632,0.055112767725465,0.002369130295681,0.109420228587637,-0.070750112517349,-0.150931274759795,-0.089732946840732,-0.029592745714719,0.157452432246554,0.089238564369527,-0.088496070769489,0.218203731725441,-0.034424025776121,0.048418321347824,-0.069142272156521,-0.104096298302610,0.044907858789673,-0.023174298112511,-0.098680794764061,-0.037121799252565,-0.043438862458440,-0.035485548532771,0.071468714367283,0.059530252917383,0.018078853336922,0.142551308550177,-0.066063916278159,0.046910702753687,0.072246677577925,0.017819644746038,0.056746419809639,-0.141603960531993,0.032839214140551,-0.059791613697536,-0.104018884109995,Saudi Arabia,165.000000000000000,47714.000000000000000,SAU
"00000000000000000035",-0.018273738921476,-0.121248283868250,-0.067788856221287,-0.175338237111598,-0.066648519963973,-0.192575797519642,0.001637141554223,0.216373354052947,0.081717603428308,-0.008536709129123,0.098786825060331,0.048013315045682,-0.126475606989534,-0.037136140115230,-0.246901826346117,-0.017946830608233,-0.005313290297737,-0.072836691695151,0.052864147020233,-0.000932275477194,0.160341497219596,-0.057256569366353,-0.069165371000153,-0.122952636698801,-0.016204610608359,0.202687341352918,0.031819128313726,0.037778864651126,0.242841624599995,-0.088697365088749,0.035436841161501,0.117053644118077,0.055522679361347,0.032083932416260,-0.079398302184327,0.130927804761796,0.161842092943036,0.031965868120201,-0.050427124349745,0.045363760082595,-0.150987974724943,-0.089798707879521,-0.213875661270705,0.114001398169775,0.046024111795763,0.119075058504435,0.011977419515480,-0.215261970687776,0.098215482998507,-0.143553291792056,-0.010203621064325,-0.042059296357075,0.017826096936253,-0.095933442408884,0.045136927872127,0.211233163315992,0.110858130329685,0.047352064543330,-0.055066420886144,-0.038040371500706,-0.100092040034431,0.058243143571848,0.165988088681883,0.145216701782705,Finland,61.000000000000000,48049.000000000000000,FIN
0000000000000000000b,0.078420525701965,-0.095094645377901,0.000342093533606,0.057541552182730,-0.046477492033421,-0.047856336282806,0.065369297799743,0.105363504448664,-0.210863592095458,0.125228774611808,0.205306915097534,0.032219102011673,-0.239341978057188,-0.111972057751468,0.078146946243788,0.017249670991869,0.049029781756142,-0.052276595490621,0.033628787944912,-0.020772866604032,0.074639101559083,0.050369267723234,-0.102308560310677,0.010938158970641,-0.109685230399729,-0.088532335267805,0.050845907064449,-0.096752673807660,0.155771215666897,-0.000823529579688,0.011056557631893,0.192636091053503,0.056555005428136,-0.092317814216167,-0.133269730968275,0.080043111410058,-0.009304099463201,0.091912692877751,-0.056061831344569,0.117698613121034,0.084696447929990,-0.183575927781538,0.096736169437507,-0.009095901655314,-0.093089068801097,0.096640222490381,-0.088307382168669,0.099965868086987,-0.007980385078534,0.050898106829606,0.054012276056179,0.177332414442873,-0.137325324958170,-0.079574598384515,0.071242253830556,-0.038269026687340,0.009425903782572,0.095454545548131,0.049269365727971,-0.013780547590975,0.053003401412582,-0.154707454019364,-0.066441224312278,0.124844323891635,Bahrain,20.000000000000000,48938.000000000000000,BHR
"00000000000000000055",0.132199916700643,-0.003409500935967,0.086553171892177,0.122029823683750,0.004568192292375,-0.023125596014044,0.036118134567227,0.116645836757454,-0.168375079396351,0.233962827187654,0.146951810931169,0.030168748729889,-0.301191969082953,-0.109232375124453,0.065146498858831,0.061666040406695,-0.068981779463165,-0.076773626789248,0.131588046393946,-0.034262564520509,0.031295508699189,-0.180122795098367,-0.221268580439378,-0.058250782230891,-0.042546893719764,-0.039985333769585,0.204981114905803,-0.047563513604584,0.102486502695129,-0.043671036748824,0.103104899219865,0.010432333959079,0.122879270382874,-0.109319654734739,-0.223869229272305,-0.076659992252078,-0.028418746143814,0.197680277196420,0.097571371380541,0.040814221568231,0.172067015161926,-0.049448043623144,0.114906564445128,-0.157670827406322,-0.114073667682239,0.070811879600898,-0.051094398931983,-0.091811428576903,0.059947120096369,-0.011032827166694,-0.039137359360037,0.081619594965762,-0.059568381539310,-0.101219856203422,0.127437028382187,-0.104600527143930,0.124297789075536,0.084772041578894,0.067472858361476,0.077383474279863,-0.061825317377316,0.009702945614205,-0.110445788899587,-0.057331126734294,Kuwait,105.000000000000000,48943.000000000000000,KWT
0000000000000000001d,-0.049014257666506,-0.132975990998364,-0.039965752987775,-0.174413466398824,-0.009280057291690,-0.059538991102623,-0.034992145574348,0.222283187292591,0.132843364489775,0.000678366303125,0.060906702634774,0.042279902087683,-0.095942711766109,-0.052207664826053,-0.202247841285865,0.103902655621271,0.123192044277904,-0.043250834127240,0.013128800102570,-0.004431765385160,0.143683329196689,0.024267635503521,0.039800174495852,-0.143902092035744,-0.041787868603724,0.222885758215859,-0.033890920509050,0.034982153138757,0.216016069792369,-0.165499125820934,0.058776078144368,0.029678287019739,0.025212643976625,-0.047477828897238,-0.117916488598837,0.087266024689342,0.106101570939361,-0.056614451593942,-0.026093219744851,0.029488190929782,-0.001241819828032,0.016996375760696,-0.158789762200678,0.048408071293413,-0.021824916440583,0.155433812977199,-0.011631530893020,-0.133457116690300,-0.031125206021930,-0.047722580642747,0.135124612530236,-0.069347566772992,-0.060833202256976,-0.050583280975645,0.056735919059947,0.098164787405468,-0.013547149946152,-0.032102007090047,-0.025419642832994,-0.036165452728074,-0.195667560751073,0.096880795951184,0.018720959828119,0.108392256651978,Canada,33.000000000000000,48946.000000000000000,CAN
"00000000000000000007",-0.153827767900949,0.171795485418689,0.040997648307529,0.019234077226370,-0.217489086275018,0.086884049238814,0.054768815281778,0.244542051872701,-0.078617983842127,-0.032659231003342,-0.031768388277931,0.010725617710577,-0.091503199057346,0.037372244654101,-0.049589409337669,-0.106806581151314,-0.024580879195278,0.044910960135172,-0.095653936391524,0.022396740403273,0.068150994625493,-0.014648343144669,-0.136397601284328,-0.028134574844607,-0.005134078820480,-0.048914740811828,-0.012521535303989,0.083863593055835,0.060971288767992,-0.124898846651203,-0.163747535277910,-0.116489172864147,-0.020129723739265,-0.167105873563966,0.022100060787121,0.063319489242336,-0.084180152002259,-0.018231932111585,-0.000324930694354,0.007185330483635,-0.072288480961764,0.047408031323265,0.123675126011270,0.113960456635332,0.082613694229185,-0.115147010835311,-0.141411851976423,-0.113981888597145,-0.032962696703159,-0.094184584531185,0.141946547371383,-0.029331912325605,-0.052375442830644,0.083750704987075,0.008956024596574,-0.150141269194815,-0.004843669819088,-0.069485961600154,-0.017669358278033,-0.043314815082955,0.248897716187641,0.119848442457318,0.097069070877142,0.026447885308279,Australia,11.000000000000000,49086.000000000000000,AUS
000000000000000000b5,0.029786935900864,-0.093690028718259,0.073436079628862,0.056774957121203,0.048383811982437,-0.050982176581712,-0.076573695618655,0.122922887367232,0.024324999930330,0.085731831300401,0.007275873278344,0.077053148772273,-0.271969588263849,0.021033491452385,-0.060130262511316,-0.090922158676378,-0.043979472250395,0.039863385253186,-0.124180048737477,-0.057176462645460,-0.102051818585038,0.097361663013754,-0.009645809630053,-0.041137973559885,-0.076633637977723,-0.007977385855963,-0.016841035298685,-0.082976317184517,-0.024502413395762,0.024166972458688,0.053927010866218,0.142071221617354,0.020935834873248,0.020890673377835,-0.090052058323153,0.039543814014457,-0.020759725413973,-0.063370657607687,0.000607894401006,0.010985396040285,0.074389700161951,-0.125805154398567,-0.009107282617172,0.085348748208115,-0.045520740280567,0.082518516476384,-0.045101620203632,0.174785515016059,0.049927522153178,0.065774677085811,0.007426084761462,-0.065329916704295,-0.066432921997011,0.090130882913602,0.169670024391823,-0.150570604756750,-0.096633054780555,-0.006822389430524,-0.114806034365036,-0.077680750068901,0.104117390607698,-0.158138071707814,0.040685235105289,-0.006895745946939,Taiwan,197.000000000000000,49815.000000000000000,TWN
0000000000000000000f,-0.158399234689598,-0.176665509210915,-0.114601610036608,-0.033544095070962,0.079120580423020,-0.102427731655063,0.115750317042616,0.007714673318502,0.088977042209153,-0.062043599654735,0.095576424048740,0.014626446937112,-0.136326164927542,0.030371718216688,-0.133040162134495,0.109193635300302,-0.094887221985827,0.116500679982004,0.094915585781852,0.049767708989623,-0.057528320605601,-0.075964074706839,-0.031112871862063,0.187601895252068,0.116226967776758,0.073397191660615,0.120859516951986,-0.103777424957216,0.109131826996182,-0.033940927232451,-0.128888067127364,-0.026614748712588,0.125290171068229,0.083535485950116,0.020005619246951,0.144792789314569,-0.243695800784395,-0.055630793561114,-0.117216657825942,0.056779733358013,-0.027162026853383,0.053293828947336,-0.004569498806895,-0.034244309274489,-0.049589042566039,-0.092256469609837,-0.018828402259583,-0.007727269355240,0.235504197799533,-0.184880485999199,-0.274150920503948,0.032536177549567,0.057386463592875,-0.079686799077850,0.252927917722326,-0.076891150298684,-0.024451854780594,-0.014015654081865,-0.053894547852436,-0.019586358152031,0.083828272681720,-0.118638744902010,-0.018083664061255,-0.040183478360432,Belgium,15.000000000000000,51113.000000000000000,BEL
"000000000000000000e4",-0.081474029898999,-0.130346546036192,-0.208804896915905,-0.095502125070999,-0.001306564507483,-0.039901188029372,0.072788562613578,0.114809530489703,0.144208124715464,0.042809677095380,0.075548092956506,-0.082525644363620,-0.063227888991910,-0.141147819756512,0.019702323735191,-0.025135846210854,0.039252130551402,-0.014817020843518,0.007046024334745,0.054307151130935,0.081755775800969,0.193077105000216,-0.067555417677792,0.194403403902677,-0.125919042937935,-0.092583126200301,0.090551435907506,-0.207477573007246,0.144979434896732,-0.099351056392212,-0.114109279025996,0.306703001437333,0.080781850009981,-0.047529399592175,-0.049234978251537,0.003975727660066,0.033368155556537,0.014971664580535,-0.040005255949694,0.091961938463954,-0.006787562644856,-0.177338042671242,0.108739245955552,0.002129288385171,0.026827129245633,0.107175461682129,-0.117941946636249,-0.005622541159394,-0.014809471547192,-0.052230194385972,-0.063172277052577,0.092570359706217,-0.132052359767365,-0.056014865918108,0.050438407212636,-0.143710068525150,-0.065788285115377,0.099920656804840,-0.047641545604029,0.017856126979928,0.061066391579116,-0.252268041064054,0.021178622193547,0.188573567109806,Guernsey,914.000000000000000,52178.000000000000000,GGY
"00000000000000000091",-0.016061537226230,-0.134824106352310,-0.090625633132040,-0.180045727082163,-0.067755728144577,-0.200829388324572,0.003587836755005,0.186288962953716,0.081870467645361,-0.008286160889347,0.070293391206080,0.058175766072910,-0.114112995234859,-0.038766378863760,-0.212058666694524,-0.036592965128295,0.000412414151408,-0.060165167395049,0.058394771323161,-0.004468487207660,0.130238959409556,-0.063969751469286,-0.058380874784972,-0.093901109839318,-0.040521418490992,0.176927699445937,0.014226324068851,0.001974463420122,0.208829337922113,-0.070505745568146,0.018617558402702,0.112251062146529,0.082201715192568,0.032662605071012,-0.058583354103430,0.126546274783372,0.135612708610574,0.073444169638302,-0.076881970260926,0.025149518249615,-0.132240191984031,-0.057808905075183,-0.196492918842712,0.100367144726165,0.038905926490763,0.119418402769779,0.008269295988886,-0.201717922362416,0.089674916052734,-0.167744452678742,-0.019889171176391,-0.031573290491184,0.041183828503434,-0.069798106184188,0.075751342283464,0.178302347830762,0.054422685620566,0.033984184806877,-0.062103512141795,-0.026914500639746,-0.065505977432158,0.069294988621235,0.156641505919949,0.123221091058678,Sweden,180.000000000000000,52349.000000000000000,SWE
0000000000000000003a,-0.111672146603786,-0.142073886197377,-0.131861018095181,-0.091015083966653,0.088989968462285,-0.069508362304143,0.122150015721838,0.062116705686403,0.055691802217009,-0.033791269914501,0.087105732195053,-0.006482113197883,-0.109587699194239,0.047824818751810,-0.144458253442795,0.069047253853893,-0.105706474985316,0.085440893810667,0.119062479686169,0.021248546539893,-0.033094895123178,-0.100350918428315,-0.035501930271221,0.151532715993818,0.130385258032258,0.042389585471872,0.081270264402495,-0.088299363536419,0.104054208753053,-0.030063793670198,-0.081358791655840,0.007817624939687,0.151773819706705,0.083519755789700,-0.006379779876758,0.151814432452652,-0.235441936875030,-0.045892715556999,-0.093275521633662,0.061227057541464,-0.051309770183490,0.041477073634700,0.004296500970923,-0.034398655672139,-0.065978760950046,-0.061971897194884,0.028775585658033,-0.012576000795482,0.210442191417489,-0.225600319573577,-0.211136891591177,-0.012903085635855,0.079823316125295,-0.089013157849043,0.239016231868614,-0.000588774770330,-0.031995180030040,-0.013940172150205,-0.097954158023239,-0.005076838774865,0.067886185450968,-0.121919089549244,0.020223735198752,0.030474357058152,Germany,49.000000000000000,53431.000000000000000,DEU
"00000000000000000008",-0.020234187221030,-0.116104538533312,-0.049402226673217,-0.077784217003418,0.104943293407492,-0.120751426376074,0.090607669443075,0.157464233617374,0.072634431624297,0.022215184789647,-0.004036760007088,0.035179918185159,-0.102076231077662,0.052327317969384,-0.129122856408350,0.042608730476793,0.029832288151608,0.045422236414419,0.038152658832366,0.035302251338974,0.026876729974696,-0.078290655452632,0.000750258324378,0.059395249812397,0.095096045811634,0.021687988992852,-0.098937901693831,-0.152509533116921,0.081292932915773,-0.001489727625996,-0.061637091759898,0.013517052634048,0.162449004573383,0.112799972073105,0.014200247217408,0.073879381885755,-0.153200877967011,0.057769083029474,-0.126835099194430,0.068957587551215,-0.119881387555715,0.146361936076471,-0.039419275695596,-0.045587922286120,-0.163366485632703,0.074849355796775,0.037585447323094,-0.047395741186535,0.077364629354391,-0.158389129098087,-0.063029297142181,-0.027698216587396,0.053124536401145,0.129598911427881,0.260935416389334,0.091590096867920,-0.064263081781920,-0.020156368766708,-0.119583874777608,-0.002196624406102,0.044528381211795,-0.018724735492090,0.026090671579938,0.053634044194838,Austria,12.000000000000000,55217.000000000000000,AUT
0000000000000000006c,-0.159276356479254,-0.190702824416081,-0.136973372141716,-0.060177707345515,0.018044210140235,-0.102449931033378,0.080044052053681,0.028975063921402,0.079231800243705,-0.055450701271314,0.116550941133598,0.023859178957945,-0.108510183118586,-0.004961517329536,-0.122966144222307,0.058226102212279,-0.106085306299821,0.094822319910569,0.101171368449971,0.033081109424447,-0.065807682574646,-0.021818821999869,-0.057833321097115,0.192990006631762,0.032760585121197,0.047985183429453,0.184126725104874,-0.125144073481944,0.123029252076902,-0.047762542437235,-0.125567130810476,0.059657352303860,0.075470103644523,0.040738538842479,-0.014406173098042,0.182844032910119,-0.148814468445700,-0.031029021030639,-0.066343955096865,0.060466799041507,-0.005798896954515,0.011504112154614,-0.017389419679551,-0.031442869372009,0.039178753684148,-0.064583218849496,-0.041501678352830,0.016184763252894,0.223248361206520,-0.176574104507756,-0.259340852919187,0.076382300445667,0.009988406549608,-0.140553762183463,0.206181192049469,-0.113000959638879,-0.021553553155205,0.007382128255631,-0.039406576477762,-0.008140280131701,0.078987865581487,-0.130993801306283,-0.015687803584893,0.022215805526373,Netherlands,142.000000000000000,56061.000000000000000,NLD
0000000000000000002a,-0.153559030074080,-0.133190506995388,-0.209234251229775,-0.117986140368994,-0.029512063762760,-0.092156666238348,0.081199321464541,0.072560114838268,0.100668504036766,-0.026449004929390,0.077940654619570,-0.002061130534671,-0.064920670670547,-0.008653270580153,-0.171045734479313,0.001068061263567,-0.114191906243549,0.054768543124395,0.094279910850235,-0.004474538817762,-0.034773739309159,-0.013349007581645,-0.067910414541696,0.165665991915546,0.022585688541255,-0.025967135387823,0.180888870651313,-0.101227708155443,0.132853948985268,-0.017152434624343,-0.043238852030358,0.152895885023705,0.094931585744258,0.006139091893819,-0.033320175509127,0.162003400213053,-0.102400841726715,0.018878000650267,-0.044124186999353,0.073988014052994,-0.005552839110483,-0.027583833762741,-0.030922516425752,-0.030899879278823,0.075909765647093,-0.023477542922142,-0.018720253604847,-0.041809075762172,0.210199688485766,-0.195998378073109,-0.210837938286230,0.050046541131926,0.012786883465759,-0.224397874636991,0.186625170750896,-0.072755589221044,-0.008430456948342,-0.009737337051746,-0.073189880235551,-0.025050092213308,0.072854891632097,-0.166589236376256,0.014693760841417,0.088616939350330,Denmark,52.000000000000000,56179.000000000000000,DNK
000000000000000000bf,0.051506797016307,-0.111957671262031,0.001216349168163,-0.042582702151784,0.047961503559993,-0.119532115809685,0.043659656644581,0.170076965294049,0.085749481541189,0.096989577202754,-0.073658217261531,0.057025581840618,-0.044069134832130,0.000554721047580,-0.075251216817990,0.016406046281316,0.069780035544472,0.032703476100310,-0.041143879025706,-0.029536090960324,0.074378379659120,-0.067436612076422,0.085289765478219,-0.065342125882065,0.005133182455012,0.031454994335247,-0.158530003632252,-0.061820590175667,0.042061293183737,0.070010600985373,0.011113785358845,0.102764619537380,0.148888760514591,0.109555981271941,0.032169313751180,-0.068229499764136,-0.023470406014833,0.136165227106014,-0.147012589871451,0.098688664558056,-0.122054388387551,0.179685959747634,-0.126168552280475,-0.149809260858768,-0.140811077515167,0.173141289987286,-0.087841145302049,-0.058898006715877,-0.076345273608827,-0.089993272456400,0.066545331843531,-0.028109781876810,0.024761873458073,0.242639732958649,0.229659081541738,0.015116411098505,-0.094088795961106,-0.041897882208818,-0.114038961419116,-0.017595467464773,0.059410500123999,0.081187753818461,-0.029608590119575,0.064685879676292,Andorra,5.000000000000000,56208.000000000000000,AND
"00000000000000000046",-0.065981416062475,-0.082237452980075,-0.213362783735953,-0.280406627809183,-0.009812490457404,-0.169692287175440,0.032765560866208,0.100067616106228,0.180033157433390,0.012043948345860,0.007187566360803,0.133314452573239,-0.159331752467280,-0.033559479895142,-0.090669413036019,-0.061131080042080,0.109577703441487,-0.065910198678698,0.038608506555150,0.007427566490439,0.102211303166780,0.167334057712353,-0.057065581113802,-0.122971072544786,-0.123304373610865,0.125481205584209,-0.015378599473713,-0.211128275198232,0.011485229196418,-0.093823808409242,-0.000958147524987,-0.053281772154290,0.196158978805609,-0.193059059534548,-0.016577049124397,0.079150065980243,0.107048425695936,0.126190767682674,-0.012465433163011,0.063701207148934,0.027965055140198,0.101841146053516,-0.183239684076427,-0.067820542593700,0.024434069604213,0.087511722658890,0.059329422090787,-0.029787093481438,-0.005377996021867,-0.101269640890579,0.027960337787547,0.026154636132516,0.112277917077373,-0.029116036072916,-0.003405963919101,0.041116254668046,-0.098971269706168,-0.019918693734783,-0.027035558692255,0.085151311486868,-0.077056811571231,0.152983862831559,0.011923593878041,0.084959702641088,Iceland,92.000000000000000,56817.000000000000000,ISL
"000000000000000000d4",-0.065892383659725,-0.082107985319385,0.002942766976595,0.078384068400443,0.163157172882342,0.032856619988559,0.177333874882433,0.070222256117387,0.180202412854045,-0.045900849363962,-0.037423176335957,-0.073876419318282,-0.260973887906756,-0.011634221451705,0.006679429040164,0.009280442741177,-0.041201407092377,0.127187992236952,-0.142435227315340,0.182493118428845,-0.064828120483740,-0.083702472952915,0.097688993541969,0.152794436425109,0.184253833014872,0.177258149427011,-0.073385547006696,-0.111175013342266,0.255884527470722,0.039333054964016,-0.050415325298034,-0.004431183840150,0.231291163352913,0.161615533577495,-0.041512750357240,0.014723685577409,-0.204309875013513,-0.027853215440746,-0.142712014389130,0.192147564077728,0.099954948614104,0.036812407965090,0.119897333514131,-0.153637230561787,-0.085411399664800,0.015619150831533,-0.009181564497093,0.013068197898327,0.106837366093221,-0.006254636829569,-0.085455018944813,0.112844225047089,0.023949780726587,0.024182301558708,0.218961356857211,-0.143199109007220,0.026094101381599,-0.042144156804940,-0.068237009269255,-0.036974815030937,0.095554174784673,-0.190454563874094,-0.062145645871579,-0.068572560151568,San Marino,172.000000000000000,58898.000000000000000,SMR
"00000000000000000016",-0.018246399303613,-0.011621870582036,-0.049383734621489,-0.091091727115754,-0.067895935349562,-0.009330548836270,-0.019662473019117,0.040912310380601,-0.059240016634432,0.188524546051047,0.011186420261431,0.159661687986147,-0.059725327401176,-0.028461849892107,-0.064992482044894,-0.186000083556272,-0.053875077523688,-0.071022791103762,-0.086740129369807,0.024910941899174,0.015656582232390,0.004239003393061,0.192206790557995,0.314088182436205,0.027315553865613,0.038668169023877,0.124024154952206,-0.154543371534860,-0.004871888473353,-0.065369794347986,0.181168701883493,-0.011875896072789,-0.201205321024095,-0.024257304717708,-0.023205684869063,0.026837359644797,0.036547538125919,-0.059255149095880,-0.144906803599350,0.085844615624500,0.085785012356622,-0.031294683099901,0.109826177004343,0.003461406703392,-0.000320633182353,-0.024471225440742,-0.090342517302025,-0.002221458361662,-0.022675669296844,0.012830538211056,0.143842092810388,-0.023476096011163,0.017894997321170,0.135290023514040,0.137757665688843,0.125266383971733,0.109566870445552,-0.021909523722849,0.079906291436789,0.108239072972365,0.072100910624745,-0.141177492769015,0.169245785532174,-0.016082989934433,Brunei,29.000000000000000,59650.000000000000000,BRN
"000000000000000000e5",-0.107062715378033,-0.152922092506355,-0.180934079805056,-0.051878480200985,0.017333381786350,-0.055170279696020,0.065415156192045,0.079399189348418,0.146056338357901,0.015914151041536,0.068017541538531,-0.058491020517891,-0.103836353607666,-0.103055315733513,-0.042945078091365,0.009335417038000,0.023966410164470,0.025892442023368,0.004294443973764,0.062707931791792,0.046069186281157,0.135916841407211,-0.046474724809611,0.195775761156496,-0.074734198753977,-0.026265690539458,0.124225916560827,-0.167130762057186,0.135830902123100,-0.067364794202949,-0.107733855174848,0.235806537398772,0.077465358887983,-0.022905285173032,-0.039372917015063,0.031866799593284,-0.014464581903233,-0.011312828216545,-0.066931588805405,0.115658224769085,0.002315003561529,-0.105965379701267,0.078849182654493,-0.023217969949808,0.038000679790474,0.061802397506140,-0.097000316371761,-0.011320633567197,0.056711496181826,-0.078351374172744,-0.136245940592314,0.103152450110916,-0.095951530448485,-0.064029455609343,0.110378796498928,-0.161960529394056,-0.054575134363441,0.080406550333168,-0.033217185998004,0.019369999569814,0.064312543832773,-0.234302680635001,-0.000760174674670,0.130042842041613,Jersey,919.000000000000000,60324.000000000000000,JEY
"00000000000000000044",0.003015992786963,-0.138338204666862,-0.021147925109365,0.039114937178800,-0.011653682350853,0.016421934452497,-0.072055415351109,0.115244179173240,-0.044455971681077,0.135401316917980,0.082613752394635,0.035934472920659,-0.223174181651325,-0.096627610353977,0.018786836668668,-0.059155664850930,0.036193195428749,0.019116398183855,-0.106253803559142,-0.039293814216839,-0.058964562277979,0.200339166450495,-0.041409506185437,0.003491944621767,-0.131395127797705,0.004701949230889,0.031485716730766,-0.102666764067004,0.042139082158472,0.105489977727343,0.050211911132054,0.228370564235276,0.074987882927936,0.026631861242334,-0.086991485387489,0.087645581945863,0.055953378819891,-0.060945133626240,0.017294241975270,0.121005140844195,0.060391146427262,-0.113520866477225,0.112486665272728,0.149099781782029,-0.018018215616983,0.104267817355157,-0.070638685943536,0.140639462300275,0.000179538034473,0.021325330367334,0.014590304251609,0.007405686819518,-0.115779948286161,0.068617192634648,0.089589056512125,-0.173899060660046,-0.085518723389564,0.072722402789489,-0.011065186402842,-0.031775245731403,-0.001190961920351,-0.232908721738981,0.007162937038986,0.154724801515586,Hong Kong,81.000000000000000,61055.000000000000000,HKG
000000000000000000a0,0.002614132965224,-0.062043374248948,-0.021659678257816,-0.066900160959823,0.029362015476276,-0.062627216721317,-0.005135402489513,0.121828583549605,0.050137475818028,-0.019628321333925,0.014267404051008,-0.037399794132763,-0.115333438675907,-0.045168993576488,-0.129152263949983,0.055485455548488,-0.021573001500549,0.023779494339271,-0.016995876604562,-0.035017241185497,0.008192437021945,-0.009346479507811,0.000416368291457,-0.021153048724052,-0.023583187186318,0.122762307979877,-0.049698195481520,-0.075748648216485,0.120506523228621,0.000414776769741,0.012263019270168,0.027470982120277,0.062603173607692,-0.051440101537266,-0.056834207786239,0.023159486448461,0.031305111974260,-0.010099576107734,-0.006963182168355,0.003828056374366,-0.004470221735525,0.005811798045821,0.008225878446760,-0.041139718761319,0.022168588324537,0.120229828548643,0.060947373706535,-0.125451036533654,0.048209988642875,-0.139858181249618,0.030913644920046,-0.020204243773778,-0.045325414482317,0.045227132878478,0.100209583993895,0.111071776261118,-0.066132816447656,-0.015795066059993,-0.033919725857123,-0.039132843332975,-0.054073177631147,0.003175609900616,-0.004306140860958,0.076461204712022,United States,202.000000000000000,61348.000000000000000,USA
000000000000000000bc,-0.129002390768383,-0.160983434542230,-0.182277293098148,-0.204607391385373,0.010042044555713,0.085168182235057,0.143817832360294,0.178346687828587,0.148044355915128,0.006388096724248,0.086235895415288,0.175668660758105,-0.123117482128075,-0.096644355867803,-0.101256404531171,-0.012590127637062,0.135539458100147,-0.008015818007539,0.070110183861369,-0.012250552744670,0.130654708201047,0.206731420943213,-0.034159477251078,-0.145099306064983,0.037648870681255,0.199590776227995,0.026200050073550,-0.105829624251669,-0.035852567621194,-0.234722640726854,-0.068605784911035,-0.015426199792112,0.199191142445719,-0.143694916688545,-0.037745964309538,-0.043334556898128,-0.055830893678198,-0.115891954218417,-0.031803636487165,0.066320324927115,0.082152328871998,0.108168114393009,-0.128124166599329,-0.068305128787446,0.016232147642399,0.174327986229821,-0.065683282560141,0.052058049537740,-0.095636642370919,0.056642014779558,0.023656423049826,0.050207832596740,0.130989122547833,-0.100703922655402,-0.065112508273827,0.026853979069445,-0.042756675234853,0.025400416120213,0.007046701497018,0.084797067170192,-0.196128845089251,0.093230127040036,-0.009538942173196,0.110071834416727,Svalbard and Jan Mayen,930.000000000000000,63614.000000000000000,SJM
"00000000000000000072",-0.049338255498922,-0.103913953336826,-0.106184667045066,-0.177094612601177,-0.028065034674380,-0.225925704178299,-0.023223902678986,0.168230822304063,0.147334639104185,0.025593307569557,-0.004939489689370,0.069676378640878,-0.097614325270779,-0.038507872815601,-0.206487164782296,-0.016454265183542,0.114755249049698,-0.079149065461282,-0.057603078270649,0.015971710593510,0.131415815043639,0.023378649328112,-0.054027169161443,-0.075960762554008,-0.109746408175431,0.137807325437379,0.006623691685625,-0.051159019513697,0.133388843561912,-0.045075952107172,0.031609281449403,0.111352416413395,0.086066132808881,-0.056742628877338,-0.055426250506165,0.055891174991173,0.156469501984792,0.146426882373724,-0.058263462267358,0.050103361961020,-0.054014205057141,0.007035989743290,-0.184062602005613,-0.001430868550899,0.020747825569922,0.140557270029006,0.008865463162062,-0.199052613350790,0.011976788865453,-0.127164154264378,0.009860115072978,-0.002884597979125,-0.000175944299658,-0.042998182493038,0.106833019683953,0.102305289081590,-0.040986291470336,-0.021638370006806,-0.039210610325767,-0.011001683833251,-0.049141211378605,0.052337153008304,0.095199820158722,0.130447995153658,Norway,143.000000000000000,64696.000000000000000,NOR
"00000000000000000092",-0.044598318870468,-0.134728163426007,-0.052233942299703,-0.040112799598429,0.100810426706037,-0.124128315774600,0.124710667137506,0.123468355267265,0.071678565544909,0.050635486811487,-0.038622270587292,0.032548662246757,-0.083286801021457,0.009884697919720,-0.121699590883980,0.066482131812159,0.059654646617368,0.029266932224648,-0.015494873801632,0.017980182498111,0.026886121094361,-0.059840863211917,0.004498286812748,0.049073789195356,0.090137261162465,-0.001146102237994,-0.094311007975854,-0.142182144274649,0.066855326441151,-0.005146361155751,-0.070740122002511,0.024523381590877,0.146782455183612,0.076205303004868,0.003264878710609,0.020705902310896,-0.120837456619615,0.077689843425798,-0.145315459160040,0.069665734773917,-0.066974895554562,0.176591368320463,-0.064309811666743,-0.093259358787736,-0.133317533693455,0.112539194870770,-0.005142489065330,-0.068103757647241,0.016146885705850,-0.103646056110741,-0.055494661531417,0.000121568064089,0.018937327697740,0.147514226587149,0.267463963414238,0.060438720683840,-0.092814608091574,-0.048206597720019,-0.094016734818414,-0.005482876360043,0.053073204406838,0.000311230749010,-0.001780967636288,0.019773749131400,Switzerland,34.000000000000000,69629.000000000000000,CHE
000000000000000000c2,0.044480720217430,-0.070053440312087,-0.157122243274086,-0.126241804613432,-0.106987345978153,0.004536171833882,0.156964276241555,0.071284603184515,-0.037571313186542,0.093386837948484,0.171463607017877,0.019253906903172,-0.172402346969421,-0.124820699993777,0.027378063389347,0.030847245055885,0.026509502535716,-0.043636243959062,-0.061422834212233,-0.007009031458304,0.081385190537716,0.173944848416344,0.002366198948691,0.109027472652955,-0.097043731313619,-0.152847377721184,0.081569345753638,-0.093139314285838,0.039498466144239,0.042156374965749,-0.086966075172847,0.314329271308599,0.012258344013783,0.026765891745129,-0.101459141425191,0.030119755095839,0.209956444713006,0.013118082933756,0.033533503099113,0.037989285112893,0.100542832448967,-0.293067261137869,0.146721153540120,0.102284635121484,-0.088710303364798,0.045738470271896,-0.146042922222568,0.037490148664501,0.006807509642345,0.044926706823174,0.007362395204644,0.040058173669998,-0.139579015222251,0.049408100066198,0.051663625933093,-0.085169318756422,-0.045051077749228,0.049199046493946,-0.013297122454552,-0.081751228008432,0.139254157109304,-0.198741494773161,-0.018026223621231,0.199665096421765,Cayman Islands,46.000000000000000,71046.000000000000000,CYM
0000000000000000009e,0.045467671563320,-0.006879139629835,0.110713072778926,0.050960874096837,-0.057411322340776,-0.069314322226438,-0.003471215818384,0.131541409881676,-0.203455568313945,0.149932890834674,0.073521312897119,0.096033274330203,-0.317658504982811,-0.111813756722955,0.091704320847831,0.072246813921929,-0.036828626741351,-0.061173520952722,0.087016655560328,0.008476215331590,0.061266781194376,-0.193913450614468,-0.208861974115784,-0.083006136919369,-0.033081087312765,-0.095704595758422,0.143114860709150,-0.048473242512565,0.038504880262843,-0.038430652644514,0.083771455988349,0.090114533661450,0.055526559472195,-0.039648446068539,-0.229206935651042,-0.046467059798502,-0.037080954412719,0.201160894846898,0.146007824801455,0.019080107859025,0.208793740266103,-0.042890759354161,0.059808051915023,-0.102870926179866,-0.121772238907292,0.025171753504838,-0.059218345428016,-0.093490652054881,-0.010679140070992,-0.029145832267818,-0.007506923908519,0.099995126910164,-0.039676851958359,-0.008405287802456,0.125524956736801,-0.120557996047645,0.125994490331114,0.118266810408561,0.049271571990032,0.072448229197369,-0.065807865925565,-0.023249234240167,-0.074561188178070,-0.058179663364415,United Arab Emirates,6.000000000000000,71551.000000000000000,ARE
000000000000000000c7,0.027248403022331,-0.130857257113378,-0.123033905929491,-0.070004752860564,-0.005890648217006,-0.002951225908000,0.110868801331237,0.166385398402571,0.052566726412194,0.003521594481213,0.111051560295271,-0.057675845912000,-0.123987340372966,-0.169056869454564,0.075892828354112,-0.068967863766842,0.089522675798289,-0.042535927889795,-0.066155742063948,-0.010225453872175,0.120209272074257,0.145789155682420,-0.028276952555641,0.160436294534520,-0.118903934049148,-0.135618375698392,0.053383893675666,-0.154463355719191,0.148763910060259,-0.004284326852706,-0.124223125557445,0.285254408082232,0.087827785265739,-0.037046199962681,-0.077125410322153,0.008644682604126,0.133781231834754,-0.016523520263132,-0.053037785048182,0.076280235519477,0.037788929760748,-0.302279761252669,0.156963151605919,0.024056848190934,-0.038229486862222,0.172881080884071,-0.170503541378443,0.060119176845180,-0.056750056295899,0.009630735806993,-0.047539242380038,0.116796822925525,-0.158162116654100,-0.000093548723709,0.000684265711863,-0.136520996744767,-0.068825115573099,0.068535741824249,-0.024925264668047,-0.029289829563749,0.089364749941999,-0.226318214470874,0.061214431614919,0.266665772539826,Gibraltar,70.000000000000000,79546.000000000000000,GIB
"00000000000000000012",0.000000000000000,0.000000000000000,0.000000000000000,0.000000000000000,0.000000000000000,0.000000000000000,0.000000000000000,0.000000000000000,0.000000000000000,0.000000000000000,0.000000000000000,0.000000000000000,0.000000000000000,0.000000000000000,0.000000000000000,0.000000000000000,0.000000000000000,0.000000000000000,0.000000000000000,0.000000000000000,0.000000000000000,0.000000000000000,0.000000000000000,0.000000000000000,0.000000000000000,0.000000000000000,0.000000000000000,0.000000000000000,0.000000000000000,0.000000000000000,0.000000000000000,0.000000000000000,0.000000000000000,0.000000000000000,0.000000000000000,0.000000000000000,0.000000000000000,0.000000000000000,0.000000000000000,0.000000000000000,0.000000000000000,0.000000000000000,0.000000000000000,0.000000000000000,0.000000000000000,0.000000000000000,0.000000000000000,0.000000000000000,0.000000000000000,0.000000000000000,0.000000000000000,0.000000000000000,0.000000000000000,0.000000000000000,0.000000000000000,0.000000000000000,0.000000000000000,0.000000000000000,0.000000000000000,0.000000000000000,0.000000000000000,0.000000000000000,0.000000000000000,0.000000000000000,Bermuda,25.000000000000000,81423.000000000000000,BMU
"000000000000000000e6",-0.045433229806251,0.047370036391573,0.053471047835355,-0.165084554195414,-0.151327721591592,-0.025505707301876,0.055069653514664,0.161583622324434,0.196691984290365,0.054057377578118,0.220098416145518,-0.044517609966448,0.072709961897312,0.066296179989159,0.189694126905201,-0.010743325428288,0.021877269872980,0.068114158983899,-0.053115399780258,0.074022675618121,0.018266662215275,0.153687422325607,-0.073814271862345,0.090943756674029,-0.121102266238045,-0.044273316912427,-0.048162869681803,-0.199118519846279,-0.099285711682059,-0.158933822232550,-0.119421392665458,0.090383530617108,0.057747407625780,-0.176170545867430,-0.050980191607944,-0.116906577196875,0.062430629661822,0.066598693163234,-0.054502952288811,0.044395310898757,-0.050847488548189,-0.097547498858234,-0.044848924184117,0.047125201005289,0.201859892388304,-0.064879349698728,-0.103440532595694,-0.073692242793002,-0.097575549647692,-0.063596299354439,0.056489037695479,-0.092481472548433,-0.040392295167982,-0.153812000890227,-0.061163243291329,-0.197454549554700,-0.025308805253541,0.058618038170553,-0.096185107882906,0.050116775792185,0.110524034336230,0.015629940018473,0.005202218377555,0.246013138142301,Falkland Islands,913.000000000000000,83442.000000000000000,FLK
0000000000000000004b,-0.143270756255064,-0.097810753672739,-0.235079490585557,-0.009645772822751,-0.038008130883661,-0.204734025946286,0.030653233008928,0.045569194484866,0.182584273504245,-0.034266859390983,-0.050283347997222,0.052720090431557,-0.068011776061527,0.012000553112685,-0.104319575353292,0.005015380916577,-0.069620225159918,0.057408704202239,0.045544118746408,0.022013096782226,-0.011985965332104,0.008035963754719,-0.034286765444224,0.214452468057328,-0.056188988391596,0.023832518048010,0.130803814404043,-0.174138575195788,0.053380932750054,0.049601886064303,-0.117370766852509,0.159783944510372,0.059967528877387,-0.026421038659580,0.017070023186469,0.132373828666041,-0.040876306680706,0.106921542702607,-0.107985250806973,0.053942476090484,0.123833419050979,0.042501020156812,-0.053203891014363,-0.018881384118307,0.110534670668636,-0.043780303476198,-0.028326125117933,-0.091032425159650,0.203372899435286,-0.166289557147767,-0.279638279830025,0.091419028600598,0.037730346407210,-0.164960274818218,0.197312340944541,-0.164938666663881,-0.045843239066052,0.026533706760292,-0.102039177483001,0.021744163005774,0.102154389881674,-0.080765409245826,0.028048803838092,-0.019893688553963,Ireland,89.000000000000000,83746.000000000000000,IRL
0000000000000000007d,0.073878087891505,0.013951684782933,0.058175885164776,0.064938180311625,-0.085671331974217,-0.076007891678396,0.010552687550415,0.076243784490076,-0.227786476047324,0.213506154690025,0.123349562646566,0.055209815680285,-0.325809766489902,-0.127987414190806,0.076513834003192,0.089081699577353,0.031479160056799,-0.017503292280646,0.114179357671222,-0.000754483465761,0.095249608222632,-0.174283883484583,-0.159463355839027,-0.031722934193737,-0.071639094766232,-0.049430015050510,0.060068619416300,0.003561269846324,0.051190543122621,-0.028764851394945,0.093672084904947,0.020771940549237,0.118394523346824,-0.098646446823066,-0.195532694337926,-0.036473838072325,-0.064923641779268,0.215629374158357,0.008847900808488,0.050372450102985,0.205796270466732,-0.109927210399922,0.031941248361806,-0.031381656912519,-0.101041682393102,0.063899645287768,0.020194183415934,-0.046870510030064,0.023992641227403,0.090073022906254,-0.008443614486015,0.131463734513767,-0.055563690028694,-0.087146725248167,0.174007354513782,-0.086467103228777,0.097773607805510,0.196785934024214,0.062796287888552,0.068213632821373,-0.097835952889048,-0.105767056073271,-0.125216182914512,-0.043446835538478,Qatar,161.000000000000000,91462.000000000000000,QAT
"00000000000000000087",-0.042278690386896,-0.112116337449417,-0.056083717248095,-0.073167534900793,-0.070113783131717,0.067775556105134,0.187414684036750,0.063112951286734,-0.132396185858227,0.155426825106625,0.125497856698110,0.086596277615679,-0.086034395975495,-0.079809030139071,-0.073311508741722,-0.106419900936439,0.060540832823971,-0.021048906150816,-0.036397541581450,0.073347528783979,0.022914659876838,0.276059409635570,-0.071336769514693,0.126751168174423,-0.057734349645075,0.050404913211551,0.081657794353868,-0.135608961890723,0.028243458596602,0.019364742628504,0.035716870270109,0.172414700238294,-0.119644726145950,0.066270790269173,0.044074239587149,0.053754861884135,-0.001221278937597,-0.073041667615712,0.016589913844036,0.142920609953233,0.033684991482422,-0.175863772880525,0.072675918945022,0.092025037538927,-0.136607067144503,0.035309882286576,-0.041691949956910,0.075576272046495,-0.050480556459507,0.023607416215951,0.049425995582572,0.111938009439722,-0.190363729810899,0.178017855830396,0.117983317835938,-0.013502832413394,0.045130876060509,0.050479573923924,0.086615477032505,0.158205045197798,0.061379924407168,-0.067335989152395,0.039485142061097,-0.024554886510482,Singapore,168.000000000000000,98280.000000000000000,SGP
000000000000000000af,0.009430408453088,-0.121942756234922,-0.163836848295350,-0.096055269090428,0.028537239561234,0.011395329453708,0.107434885814520,0.157634705371992,0.086280412625815,0.046105818068159,0.092409041014890,-0.087058741252766,-0.084610072957409,-0.168604249669606,0.093387548016905,-0.046957576843090,0.070972689445448,-0.075184868326338,-0.019289971888637,0.018270728805294,0.086107915771007,0.184450334960003,-0.045911380774575,0.193848758191383,-0.104394090082625,-0.139868719173618,0.035722589803684,-0.241868418230965,0.143062225985148,-0.089004211210548,-0.156597206718437,0.335723426986131,0.085025458908099,-0.041437100849491,-0.106828212992224,-0.034285994568792,0.113534251846597,-0.010041984119588,0.006251607361291,0.103630720334316,-0.024646347464576,-0.209439122042091,0.188776061237312,0.024261782204613,-0.026525368834510,0.192985137515128,-0.159605862520402,0.043753009800115,-0.071102697796704,-0.012254128859186,-0.006690618663940,0.086870556984233,-0.166091470286994,0.007642175493659,0.019437012208711,-0.063646869763050,-0.092738243234341,0.121202938703776,-0.008716649412305,-0.029083303327850,0.064176236293181,-0.244827629285135,0.031609896748260,0.267546199786788,Monaco,119.000000000000000,99097.000000000000000,MCO
000000000000000000ca,-0.123300915526214,-0.115559724437780,-0.250121897231379,-0.075507966878132,-0.043789562120261,-0.145692060423729,0.036987436542850,0.086327599558797,0.178733932943302,0.007483784732078,0.007605916418876,-0.016913648315093,-0.045160156788648,-0.062569906759446,-0.054154819603106,-0.023523365370713,-0.014121000501972,0.017511676251763,0.029937212759375,0.042452429948554,0.019274484169640,0.106190028780962,-0.073962027184343,0.210123520368865,-0.088318746165930,-0.059248904873497,0.109230770395975,-0.210148988092658,0.071720993743570,-0.023918732274105,-0.100227792104849,0.236386517200688,0.083398318989696,-0.036805697460806,-0.019672684290073,0.068851147605880,-0.008782602077499,0.085686629078996,-0.048003661441560,0.075856270134760,0.043083755559112,-0.055708811991316,0.014419789924277,-0.014362918720833,0.077964234995648,0.032332143309440,-0.059905653765750,-0.052420486123737,0.092942898435018,-0.130380487108804,-0.150894016672746,0.072919697858736,-0.022004166606735,-0.138348351041891,0.125075240086334,-0.129436530164468,-0.054473254167211,0.067798032196704,-0.091981585450520,0.027095417592406,0.077487621933457,-0.146934168852762,0.010581699436491,0.095992995311616,Isle of Man,87.000000000000000,108964.000000000000000,IMN
0000000000000000005a,-0.127014495010776,-0.127862043957633,-0.128525039423935,-0.038930968175133,0.151451857547976,-0.106812299317592,0.141767656765968,0.049512129755972,0.073837449349431,-0.004190153823277,0.059881777231505,-0.034887012431191,-0.140002996013858,0.034781629077105,-0.127414007286087,0.149031742583958,-0.061231011683636,0.101059624294038,0.088375908128758,0.065357871614364,-0.031741560638178,-0.103702555125631,-0.034392077320830,0.177106026260621,0.197341565394259,0.024065320136387,0.035180923742179,-0.135663790939553,0.090336492600765,-0.021800746641244,-0.140316320426597,-0.019015623012393,0.169119204249991,0.111333074134616,-0.006020492747777,0.135686215480415,-0.273547805273693,-0.043355639207214,-0.173820332998355,0.063638343583550,-0.027614549245949,0.118719575830067,-0.002385763352350,-0.043664948666310,-0.133190802061112,-0.088131259058975,0.023293492089270,-0.032219638567076,0.190347768863231,-0.204339479982601,-0.219962762030331,-0.036446318790965,0.112362188048109,-0.005816071303361,0.253479567695967,0.013941198738697,-0.067038669679728,-0.016743417875504,-0.106381023231250,0.012269953971677,0.096922369399914,-0.124644552489792,-0.008028613026743,-0.019351659784637,Luxembourg,115.000000000000000,114164.000000000000000,LUX
000000000000000000ad,-0.050971227785152,-0.153347073256882,0.007242931137718,-0.062623681548994,0.108401868715496,-0.145962893407615,0.060129147041213,0.144956014324066,0.068965770345408,0.027725967758063,-0.015190023449943,0.013582540906466,-0.080160856772911,0.027746318131089,-0.041616310326080,0.004889716569886,0.111493679897909,0.072733463630678,0.043572599743656,0.019858609355388,0.016280929699969,-0.034471712090266,-0.033958589675923,0.099574611247654,0.122367705008277,0.024067605877722,-0.094410380422071,-0.223841769599780,0.123829885804551,-0.003592671138780,-0.112263313938870,-0.043346268009339,0.127153939281891,0.088186195578087,0.010971311932429,0.015006275126069,-0.132829937785571,0.128973323523716,-0.150964261193672,0.049496957713680,-0.067839526428901,0.163534779208762,-0.016911799643587,-0.062394926652424,-0.157944147244816,0.125349426412792,0.008462108564041,-0.007513441239996,0.149026027477316,-0.089251907923850,-0.099314342672066,0.007159469608539,0.017889891280234,0.168844166531477,0.319353790810829,0.082466088538211,-0.062059109883294,-0.027129918725864,-0.124684358457100,-0.017143365967027,0.132959194986393,-0.028385088840626,0.020084689695350,0.003838458002893,Liechtenstein,111.000000000000000,175287.000000000000000,LIE
